{
  "train_acc": [
    0.8324058219178082,
    0.8517765410958904,
    0.854130993150685,
    0.860445205479452,
    0.8581977739726028,
    0.8572345890410958,
    0.8615154109589042,
    0.861408390410959,
    0.8598030821917808,
    0.8679366438356164,
    0.8663313356164384,
    0.8645119863013698,
    0.8663313356164384,
    0.8674015410958904,
    0.8726455479452054
  ],
  "val_acc": [
    0.8479763079960513,
    0.8474827245804541,
    0.8504442250740375,
    0.8469891411648569,
    0.8499506416584403,
    0.8484698914116485,
    0.8484698914116485,
    0.8450148075024679,
    0.8435340572556762,
    0.8474827245804541,
    0.843040473840079,
    0.84106614017769,
    0.84106614017769,
    0.843040473840079,
    0.8474827245804541
  ],
  "test_acc": [
    0.8470241023118544,
    0.8563698967043778,
    0.8578455484505657,
    0.8548942449581899,
    0.8504672897196262,
    0.8553861288735858,
    0.8573536645351697,
    0.8553861288735858,
    0.8548942449581899,
    0.8568617806197737,
    0.8563698967043778,
    0.8598130841121495,
    0.853418593212002,
    0.853418593212002,
    0.8558780127889818
  ],
  "test_precision": [
    0.8890086206896551,
    0.8607594936708861,
    0.8597678916827853,
    0.8631889763779528,
    0.8785046728971962,
    0.8766564729867482,
    0.881808838643371,
    0.8758901322482198,
    0.8742393509127789,
    0.8793456032719836,
    0.886339937434828,
    0.871031746031746,
    0.8746177370030581,
    0.8808290155440415,
    0.8707414829659319
  ],
  "test_recall": [
    0.7986447241045499,
    0.8557599225556631,
    0.8606001936108422,
    0.8489835430784124,
    0.818973862536302,
    0.8325266214908035,
    0.8305905130687319,
    0.8334946757018393,
    0.8344627299128751,
    0.8325266214908035,
    0.8228460793804453,
    0.8499515972894482,
    0.8305905130687319,
    0.8228460793804453,
    0.8412391093901258
  ],
  "test_f1": [
    0.8414074451810301,
    0.858252427184466,
    0.8601838413159167,
    0.8560273304050756,
    0.8476953907815631,
    0.8540218470705064,
    0.8554336989032901,
    0.8541666666666666,
    0.8538880633977216,
    0.8552958727001492,
    0.8534136546184738,
    0.8603625673689368,
    0.8520357497517378,
    0.8508508508508509,
    0.8557360905957656
  ],
  "learning_rate": [
    0.001,
    0.001,
    0.001,
    0.001,
    0.001,
    0.001,
    0.001,
    0.001,
    0.0005,
    0.0005,
    0.0005,
    0.0005,
    0.0005,
    0.0005,
    0.00025
  ],
  "early_stopped_epoch": null
}