{
  "train_acc": [
    0.8322172619047619,
    0.8439980158730159,
    0.8473462301587301,
    0.8446180555555556,
    0.8462301587301587,
    0.8482142857142857,
    0.8478422619047619,
    0.8502604166666666,
    0.8508184523809523,
    0.8532986111111112,
    0.851624503968254,
    0.8541046626984127,
    0.8526785714285714,
    0.8541666666666666,
    0.8576388888888888
  ],
  "val_acc": [
    0.8527397260273972,
    0.848458904109589,
    0.8515981735159818,
    0.8498858447488584,
    0.853310502283105,
    0.848744292237443,
    0.851027397260274,
    0.853595890410959,
    0.8515981735159818,
    0.8527397260273972,
    0.8481735159817352,
    0.8481735159817352,
    0.8467465753424658,
    0.8515981735159818,
    0.8458904109589042
  ],
  "test_acc": [
    0.8483453237410072,
    0.8483453237410072,
    0.8431654676258993,
    0.8477697841726619,
    0.8500719424460431,
    0.8477697841726619,
    0.8451798561151079,
    0.8512230215827338,
    0.8489208633093526,
    0.8494964028776978,
    0.8497841726618705,
    0.8446043165467626,
    0.8483453237410072,
    0.8454676258992806,
    0.8463309352517986
  ],
  "test_precision": [
    0.8510882016036655,
    0.8309935205183585,
    0.861244019138756,
    0.839622641509434,
    0.8532110091743119,
    0.8434343434343434,
    0.8314238952536824,
    0.8433333333333334,
    0.8516609392898052,
    0.846674182638106,
    0.8332430969139144,
    0.8536443148688047,
    0.8506864988558352,
    0.8340659340659341,
    0.8461101646791596
  ],
  "test_recall": [
    0.8476896748431261,
    0.8779235596120936,
    0.8214489446662864,
    0.863091842555619,
    0.8488305761551626,
    0.8573873359954364,
    0.8693667997718197,
    0.8659440958357102,
    0.8482601254991443,
    0.8568168853394181,
    0.8779235596120936,
    0.8351397604107245,
    0.8482601254991443,
    0.8659440958357102,
    0.849971477467199
  ],
  "test_f1": [
    0.84938553872535,
    0.8538141470180305,
    0.8408759124087591,
    0.8511954992967651,
    0.8510151558478696,
    0.8503536067892503,
    0.8499721137757947,
    0.8544891640866873,
    0.8499571306087453,
    0.8517153388148568,
    0.855,
    0.8442906574394463,
    0.8494715795487003,
    0.8497061293031066,
    0.8480364257256687
  ],
  "learning_rate": [
    0.001,
    0.001,
    0.001,
    0.001,
    0.001,
    0.001,
    0.001,
    0.001,
    0.001,
    0.001,
    0.001,
    0.001,
    0.001,
    0.0005,
    0.0005
  ],
  "early_stopped_epoch": null
}