{
  "train_acc": [
    0.7859064569536424,
    0.7966163079470199,
    0.7973923841059603,
    0.796978476821192,
    0.7977028145695364,
    0.7973923841059603,
    0.7995136589403974,
    0.7989962748344371,
    0.8001345198675497,
    0.8016866721854304,
    0.8004966887417219,
    0.8044288079470199,
    0.8034457781456954,
    0.804635761589404,
    0.8041183774834437
  ],
  "val_acc": [
    0.7945532728141423,
    0.7945532728141423,
    0.7921643573817487,
    0.7964644051600573,
    0.794314381270903,
    0.7907310081223125,
    0.7981366459627329,
    0.7955088389870999,
    0.7959866220735786,
    0.7971810797897755,
    0.7971810797897755,
    0.7957477305303392,
    0.7935977066411849,
    0.7976588628762542,
    0.7933588150979455
  ],
  "test_acc": [
    0.7872901678657074,
    0.7906474820143885,
    0.7904076738609113,
    0.7920863309352518,
    0.7923261390887291,
    0.790167865707434,
    0.790167865707434,
    0.7887290167865707,
    0.7913669064748201,
    0.7904076738609113,
    0.7913669064748201,
    0.7877697841726619,
    0.7942446043165468,
    0.7872901678657074,
    0.786810551558753
  ],
  "test_precision": [
    0.7779291553133515,
    0.8016569200779727,
    0.7841065686724851,
    0.7754650132860939,
    0.7800269905533064,
    0.7562189054726368,
    0.779385171790235,
    0.7767776777677767,
    0.7725076855511638,
    0.7927117841930904,
    0.7887389483480689,
    0.783271719038817,
    0.780564263322884,
    0.774685816876122,
    0.7847157502329916
  ],
  "test_recall": [
    0.8114637612505922,
    0.7792515395547134,
    0.8086215063950735,
    0.8294647086688773,
    0.8214116532449076,
    0.8640454760776883,
    0.8166745618190431,
    0.817621980104216,
    0.8332543818095689,
    0.793462813832307,
    0.802936996684036,
    0.802936996684036,
    0.8256750355281857,
    0.817621980104216,
    0.797726196115585
  ],
  "test_f1": [
    0.7943426849060978,
    0.7902954600048042,
    0.7961753731343284,
    0.8015564202334631,
    0.8001845869866174,
    0.8065443289851868,
    0.7975942632431182,
    0.7966766674359567,
    0.8017319963536919,
    0.7930871212121212,
    0.795774647887324,
    0.7929824561403509,
    0.8024861878453039,
    0.7955750172850887,
    0.7911674888419075
  ],
  "learning_rate": [
    0.001,
    0.001,
    0.001,
    0.001,
    0.001,
    0.001,
    0.001,
    0.001,
    0.001,
    0.001,
    0.001,
    0.001,
    0.0005,
    0.0005,
    0.0005
  ],
  "early_stopped_epoch": null
}