{
  "train_acc": [
    0.7829056291390728,
    0.7986341059602649,
    0.7975993377483444,
    0.7983236754966887,
    0.7988927980132451,
    0.800807119205298,
    0.8019971026490066,
    0.8010140728476821,
    0.8016349337748344,
    0.8029283940397351,
    0.8050496688741722,
    0.8052048841059603,
    0.8055153145695364,
    0.8054635761589404,
    0.8063431291390728
  ],
  "val_acc": [
    0.7928810320114668,
    0.7962255136168179,
    0.7995699952221691,
    0.7950310559006211,
    0.7962255136168179,
    0.7938365981844243,
    0.7950310559006211,
    0.7919254658385093,
    0.7938365981844243,
    0.7981366459627329,
    0.7916865742952699,
    0.7962255136168179,
    0.7955088389870999,
    0.7916865742952699,
    0.792403248924988
  ],
  "test_acc": [
    0.7858513189448442,
    0.7860911270983213,
    0.7906474820143885,
    0.7889688249400479,
    0.7887290167865707,
    0.7889688249400479,
    0.790167865707434,
    0.794484412470024,
    0.7925659472422062,
    0.7896882494004797,
    0.7896882494004797,
    0.7887290167865707,
    0.7894484412470024,
    0.7889688249400479,
    0.7892086330935252
  ],
  "test_precision": [
    0.7629533678756477,
    0.7846800560485754,
    0.7818761384335154,
    0.7748995087092452,
    0.7646299483648882,
    0.7824690224873795,
    0.7847926267281106,
    0.7764550264550265,
    0.7865685372585096,
    0.777927927927928,
    0.7742222222222223,
    0.7818515123739689,
    0.7893007977475364,
    0.7761327949753253,
    0.7802547770700637
  ],
  "test_recall": [
    0.8370440549502606,
    0.7958313595452392,
    0.8133585978209379,
    0.8218853623874941,
    0.8417811463761251,
    0.8076740881099005,
    0.8067266698247276,
    0.8342018000947419,
    0.8100426338228328,
    0.8180956892468024,
    0.8252013263855993,
    0.808147797252487,
    0.7967787778304122,
    0.8195168166745618,
    0.812411179535765
  ],
  "test_f1": [
    0.7982832618025751,
    0.7902163687676388,
    0.7973067100069654,
    0.7977011494252874,
    0.8013528748590756,
    0.7948717948717948,
    0.7956085026862882,
    0.8042932176295958,
    0.7981330221703618,
    0.7975063495728469,
    0.7988993350149048,
    0.7947822035872351,
    0.793022159358793,
    0.7972350230414746,
    0.7960083546066373
  ],
  "learning_rate": [
    0.001,
    0.001,
    0.001,
    0.001,
    0.001,
    0.001,
    0.001,
    0.001,
    0.0005,
    0.0005,
    0.0005,
    0.0005,
    0.0005,
    0.0005,
    0.00025
  ],
  "early_stopped_epoch": null
}