{
  "train_acc": [
    0.7871999172185431,
    0.7942880794701986,
    0.7954780629139073,
    0.7986858443708609,
    0.7988410596026491,
    0.8012210264900662,
    0.7989962748344371,
    0.8013762417218543,
    0.800807119205298,
    0.8010658112582781,
    0.8022557947019867,
    0.8029801324503312,
    0.8028766556291391,
    0.804739238410596,
    0.8075331125827815
  ],
  "val_acc": [
    0.7912087912087912,
    0.7967032967032966,
    0.7950310559006211,
    0.7935977066411849,
    0.7938365981844243,
    0.7978977544194935,
    0.7933588150979455,
    0.7981366459627329,
    0.794314381270903,
    0.7947921643573818,
    0.7909698996655519,
    0.7957477305303392,
    0.7919254658385093,
    0.7921643573817487,
    0.7940754897276636
  ],
  "test_acc": [
    0.7908872901678657,
    0.7947242206235012,
    0.7908872901678657,
    0.7961630695443646,
    0.7913669064748201,
    0.7918465227817746,
    0.791127098321343,
    0.7956834532374101,
    0.7920863309352518,
    0.7940047961630695,
    0.7956834532374101,
    0.7858513189448442,
    0.7892086330935252,
    0.7904076738609113,
    0.790167865707434
  ],
  "test_precision": [
    0.7942992874109264,
    0.7947393142320338,
    0.7877380399442638,
    0.7771428571428571,
    0.7936583057264552,
    0.7865375749193176,
    0.7709790209790209,
    0.7844554902846814,
    0.7779267202859697,
    0.7748024582967515,
    0.7910309754969949,
    0.7735849056603774,
    0.775,
    0.7862100879222582,
    0.7994186046511628
  ],
  "test_recall": [
    0.7920416864045476,
    0.8015158692562766,
    0.8034107058266224,
    0.837517764092847,
    0.7944102321174799,
    0.808147797252487,
    0.8356229275225012,
    0.8223590715300805,
    0.8247276172430128,
    0.8360966366650876,
    0.8105163429654192,
    0.8157271435338702,
    0.8223590715300805,
    0.8048318332543818,
    0.7816200852676457
  ],
  "test_f1": [
    0.793168880455408,
    0.7981132075471699,
    0.7954971857410882,
    0.8062015503875969,
    0.7940340909090909,
    0.797196261682243,
    0.8020004546487838,
    0.8029602220166513,
    0.800643826166935,
    0.8042834358623833,
    0.8006551240056153,
    0.7940973022826839,
    0.7979774764421972,
    0.7954119850187266,
    0.7904191616766467
  ],
  "learning_rate": [
    0.001,
    0.001,
    0.001,
    0.001,
    0.001,
    0.001,
    0.001,
    0.001,
    0.001,
    0.001,
    0.001,
    0.001,
    0.001,
    0.0005,
    0.0005
  ],
  "early_stopped_epoch": null
}