{
  "train_acc": [
    0.7810947847682119,
    0.7955298013245033,
    0.796771523178808,
    0.7972371688741722,
    0.7980132450331126,
    0.8003932119205298,
    0.8003932119205298,
    0.8018936258278145,
    0.8032388245033113,
    0.8011692880794702,
    0.8021005794701986,
    0.8053600993377483,
    0.8073778973509934,
    0.8049979304635762,
    0.8056187913907285
  ],
  "val_acc": [
    0.7895365504061156,
    0.7938365981844243,
    0.7955088389870999,
    0.7947921643573818,
    0.7955088389870999,
    0.7971810797897755,
    0.7983755375059723,
    0.8002866698518872,
    0.800764452938366,
    0.8005255613951267,
    0.7978977544194935,
    0.7967032967032966,
    0.8010033444816054,
    0.7926421404682275,
    0.7957477305303392
  ],
  "test_acc": [
    0.7875299760191846,
    0.7925659472422062,
    0.7913669064748201,
    0.7892086330935252,
    0.790167865707434,
    0.7908872901678657,
    0.7906474820143885,
    0.7937649880095923,
    0.7952038369304556,
    0.7940047961630695,
    0.7968824940047962,
    0.7932853717026379,
    0.7942446043165468,
    0.7959232613908873,
    0.7937649880095923
  ],
  "test_precision": [
    0.7747868999551368,
    0.7989443378119002,
    0.7759004001778568,
    0.7728077945084145,
    0.7679965307892455,
    0.7830059387848333,
    0.7741364038972542,
    0.7907949790794979,
    0.780205082478823,
    0.7914338919925512,
    0.784941388638413,
    0.7683712935109583,
    0.7768448961555457,
    0.767175572519084,
    0.7669654289372599
  ],
  "test_recall": [
    0.8180956892468024,
    0.7887257224064425,
    0.8266224538133586,
    0.8266224538133586,
    0.8389388915206063,
    0.8119374703931785,
    0.828043581241118,
    0.8057792515395548,
    0.8289909995262909,
    0.8053055423969683,
    0.8247276172430128,
    0.846991946944576,
    0.8327806726669825,
    0.8569398389388915,
    0.8512553292278541
  ],
  "test_f1": [
    0.7958525345622119,
    0.7938021454112039,
    0.8004587155963303,
    0.7988097962920577,
    0.8019017432646592,
    0.7972093023255814,
    0.8001831082627604,
    0.7982167996245894,
    0.8038585209003215,
    0.7983094623150975,
    0.8043428043428044,
    0.8057683641279856,
    0.803840877914952,
    0.809577086596554,
    0.8069151324651999
  ],
  "learning_rate": [
    0.001,
    0.001,
    0.001,
    0.001,
    0.001,
    0.001,
    0.001,
    0.001,
    0.001,
    0.001,
    0.001,
    0.001,
    0.001,
    0.001,
    0.001
  ],
  "early_stopped_epoch": null
}