{
  "train_acc": [
    0.7836299668874173,
    0.7965645695364238,
    0.7978062913907285,
    0.8028766556291391,
    0.8013245033112583,
    0.8022040562913907,
    0.8012727649006622,
    0.8012727649006622,
    0.8017384105960265,
    0.8031353476821192,
    0.8032905629139073,
    0.8044288079470199,
    0.8073778973509934,
    0.8075331125827815,
    0.808619619205298
  ],
  "val_acc": [
    0.7912087912087912,
    0.7935977066411849,
    0.7959866220735786,
    0.7940754897276636,
    0.8014811275680841,
    0.7983755375059723,
    0.7967032967032966,
    0.7971810797897755,
    0.7988533205924511,
    0.7988533205924511,
    0.794314381270903,
    0.7998088867654085,
    0.7933588150979455,
    0.7988533205924511,
    0.7988533205924511
  ],
  "test_acc": [
    0.7870503597122303,
    0.7875299760191846,
    0.7920863309352518,
    0.7949640287769785,
    0.7971223021582734,
    0.7932853717026379,
    0.7940047961630695,
    0.7935251798561151,
    0.7961630695443646,
    0.7976019184652278,
    0.7932853717026379,
    0.7959232613908873,
    0.7968824940047962,
    0.7937649880095923,
    0.7956834532374101
  ],
  "test_precision": [
    0.8037754595131644,
    0.7634408602150538,
    0.7964728312678742,
    0.7643097643097643,
    0.7819884083816317,
    0.7884526558891455,
    0.7765017667844523,
    0.7820397111913358,
    0.7856819211599456,
    0.7734138972809668,
    0.7697624190064795,
    0.7908587257617729,
    0.7839173405211141,
    0.7852257181942545,
    0.7824136384028713
  ],
  "test_recall": [
    0.7664613927048792,
    0.8408337280909521,
    0.7915679772619612,
    0.8602558029369967,
    0.8308858360966367,
    0.8086215063950735,
    0.8327806726669825,
    0.8209379441023211,
    0.8214116532449076,
    0.8488867835149219,
    0.8441496920890573,
    0.8114637612505922,
    0.8266224538133586,
    0.8157271435338702,
    0.8261487446707722
  ],
  "test_f1": [
    0.7846750727449079,
    0.8002705139765555,
    0.7940128296507484,
    0.8094495208379764,
    0.8056959118052366,
    0.7984097287184284,
    0.8036571428571428,
    0.8010168708111856,
    0.8031496062992126,
    0.8093947606142728,
    0.8052417532760958,
    0.801028758475567,
    0.8047037122434862,
    0.800185873605948,
    0.8036866359447005
  ],
  "learning_rate": [
    0.001,
    0.001,
    0.001,
    0.001,
    0.001,
    0.001,
    0.001,
    0.001,
    0.001,
    0.001,
    0.0005,
    0.0005,
    0.0005,
    0.0005,
    0.0005
  ],
  "early_stopped_epoch": null
}