{
  "train_acc": [
    0.7877173013245033,
    0.7976510761589404,
    0.7979615066225165,
    0.7981684602649006,
    0.7996171357615894,
    0.8003932119205298,
    0.8022040562913907,
    0.8030836092715232,
    0.8041183774834437,
    0.8022557947019867,
    0.8053083609271523,
    0.8060844370860927,
    0.8075331125827815,
    0.8087230960264901,
    0.8082057119205298
  ],
  "val_acc": [
    0.7950310559006211,
    0.7952699474438605,
    0.7974199713330148,
    0.7881032011466794,
    0.8036311514572384,
    0.8014811275680841,
    0.7983755375059723,
    0.7986144290492116,
    0.8000477783086479,
    0.7998088867654085,
    0.8021978021978022,
    0.7993311036789298,
    0.7990922121356904,
    0.7978977544194935,
    0.7998088867654085
  ],
  "test_acc": [
    0.7930455635491607,
    0.7889688249400479,
    0.7980815347721822,
    0.7863309352517985,
    0.7992805755395683,
    0.7947242206235012,
    0.7976019184652278,
    0.797841726618705,
    0.7952038369304556,
    0.7949640287769785,
    0.7976019184652278,
    0.7942446043165468,
    0.7961630695443646,
    0.7961630695443646,
    0.797841726618705
  ],
  "test_precision": [
    0.7790697674418605,
    0.7661046260268051,
    0.7798853109836789,
    0.805,
    0.7836153161175423,
    0.7715274772825617,
    0.7865219357756671,
    0.7850719424460432,
    0.785552021808269,
    0.793732460243218,
    0.7799381352187362,
    0.7701595515308323,
    0.7851650836725463,
    0.7783664459161148,
    0.7754126846220678
  ],
  "test_recall": [
    0.8252013263855993,
    0.8394126006631928,
    0.837517764092847,
    0.7626717195641876,
    0.8337280909521554,
    0.8446234012316438,
    0.8237801989578399,
    0.827096162955945,
    0.8190431075319754,
    0.8038844149692089,
    0.8360966366650876,
    0.8460445286594032,
    0.8223590715300805,
    0.8351492183799147,
    0.8455708195168167
  ],
  "test_f1": [
    0.8014722797331493,
    0.8010849909584087,
    0.8076747373229786,
    0.7832644125516905,
    0.8078953408308469,
    0.8064224332881049,
    0.8047200370198982,
    0.8055363321799308,
    0.801948051948052,
    0.7987761826312073,
    0.8070416095107453,
    0.8063205417607223,
    0.8033317908375752,
    0.8057586837294333,
    0.8089734874235214
  ],
  "learning_rate": [
    0.001,
    0.001,
    0.001,
    0.001,
    0.001,
    0.001,
    0.001,
    0.001,
    0.001,
    0.001,
    0.0005,
    0.0005,
    0.0005,
    0.0005,
    0.0005
  ],
  "early_stopped_epoch": null
}