{
  "train_acc": [
    0.7837334437086093,
    0.7953228476821192,
    0.7972371688741722,
    0.7981684602649006,
    0.7982719370860927,
    0.7995136589403974,
    0.8015831953642384,
    0.8010140728476821,
    0.8014797185430463,
    0.8039114238410596,
    0.8059809602649006,
    0.8074296357615894,
    0.8055153145695364,
    0.8066018211920529,
    0.8094991721854304
  ],
  "val_acc": [
    0.7938365981844243,
    0.7938365981844243,
    0.7945532728141423,
    0.7978977544194935,
    0.7933588150979455,
    0.7947921643573818,
    0.7962255136168179,
    0.7926421404682275,
    0.7974199713330148,
    0.7919254658385093,
    0.7978977544194935,
    0.7993311036789298,
    0.7931199235547062,
    0.7952699474438605,
    0.7964644051600573
  ],
  "test_acc": [
    0.7887290167865707,
    0.7930455635491607,
    0.7884892086330936,
    0.7884892086330936,
    0.7899280575539568,
    0.7923261390887291,
    0.7894484412470024,
    0.790167865707434,
    0.7949640287769785,
    0.7932853717026379,
    0.7928057553956834,
    0.7925659472422062,
    0.7932853717026379,
    0.7894484412470024,
    0.7925659472422062
  ],
  "test_precision": [
    0.7711640211640212,
    0.7803234501347709,
    0.7978671837130392,
    0.7749440715883669,
    0.7818347786398905,
    0.7787729511867443,
    0.7683935568132346,
    0.7636518771331058,
    0.7826282628262826,
    0.7752313794623182,
    0.7733450241122315,
    0.7849954254345837,
    0.7716398434101783,
    0.7700394218134035,
    0.788425925925926
  ],
  "test_recall": [
    0.8285172903837044,
    0.822832780672667,
    0.7797252486972999,
    0.8204642349597348,
    0.8114637612505922,
    0.8237801989578399,
    0.8360966366650876,
    0.8479393652297489,
    0.8237801989578399,
    0.8332543818095689,
    0.8356229275225012,
    0.8128848886783515,
    0.8403600189483657,
    0.8327806726669825,
    0.8067266698247276
  ],
  "test_f1": [
    0.798812514272665,
    0.8010145261701637,
    0.7886919022520364,
    0.7970547630004602,
    0.796373779637378,
    0.8006445672191529,
    0.8008166969147006,
    0.8035914702581369,
    0.8026771290099238,
    0.8031963470319635,
    0.8032786885245902,
    0.7986967651850128,
    0.8045351473922903,
    0.8001820664542558,
    0.7974713181924608
  ],
  "learning_rate": [
    0.001,
    0.001,
    0.001,
    0.001,
    0.001,
    0.001,
    0.001,
    0.001,
    0.001,
    0.0005,
    0.0005,
    0.0005,
    0.0005,
    0.0005,
    0.0005
  ],
  "early_stopped_epoch": null
}