{
  "train_acc": [
    0.7850269039735099,
    0.7954263245033113,
    0.7960989238410596,
    0.7974441225165563,
    0.8004449503311258,
    0.8006001655629139,
    0.7999793046357616,
    0.8017384105960265,
    0.8021005794701986,
    0.8028249172185431,
    0.8042218543046358,
    0.8067052980132451,
    0.8062396523178808,
    0.8059809602649006,
    0.8080504966887417
  ],
  "val_acc": [
    0.7967032967032966,
    0.7969421882465361,
    0.7950310559006211,
    0.7969421882465361,
    0.800764452938366,
    0.7962255136168179,
    0.7952699474438605,
    0.7998088867654085,
    0.8005255613951267,
    0.7974199713330148,
    0.7993311036789298,
    0.7964644051600573,
    0.7986144290492116,
    0.7969421882465361,
    0.7962255136168179
  ],
  "test_acc": [
    0.7916067146282973,
    0.7947242206235012,
    0.7913669064748201,
    0.7942446043165468,
    0.7940047961630695,
    0.791127098321343,
    0.7930455635491607,
    0.794484412470024,
    0.7966426858513189,
    0.794484412470024,
    0.7959232613908873,
    0.7918465227817746,
    0.7956834532374101,
    0.7976019184652278,
    0.7913669064748201
  ],
  "test_precision": [
    0.7822727272727272,
    0.7879761358421294,
    0.7811508835523335,
    0.7956583294006607,
    0.7797140303842717,
    0.7846648301193756,
    0.7682717110920034,
    0.7889400921658987,
    0.7884878940155322,
    0.797438330170778,
    0.7952202436738519,
    0.7734271887373515,
    0.7831758884390463,
    0.7891373801916933,
    0.7708424268878219
  ],
  "test_recall": [
    0.8152534343912837,
    0.8133585978209379,
    0.8166745618190431,
    0.7986736144007579,
    0.8266224538133586,
    0.8095689246802463,
    0.8465182378019895,
    0.8109900521080057,
    0.817621980104216,
    0.7963050686878257,
    0.8038844149692089,
    0.8327806726669825,
    0.8247276172430128,
    0.8190431075319754,
    0.8365703458076741
  ],
  "test_f1": [
    0.7984226397587567,
    0.8004662004662004,
    0.7985178323297824,
    0.7971631205673759,
    0.8024833295010347,
    0.7969223595243646,
    0.8054992111787244,
    0.7998131277738846,
    0.8027906976744186,
    0.796871296515762,
    0.7995288574793875,
    0.802007299270073,
    0.8034148592524227,
    0.803812180381218,
    0.8023625624716039
  ],
  "learning_rate": [
    0.001,
    0.001,
    0.001,
    0.001,
    0.001,
    0.001,
    0.001,
    0.001,
    0.001,
    0.001,
    0.0005,
    0.0005,
    0.0005,
    0.0005,
    0.0005
  ],
  "early_stopped_epoch": null
}