{
  "train_acc": [
    0.7810947847682119,
    0.7964610927152318,
    0.7947537251655629,
    0.7963576158940397,
    0.7972889072847682,
    0.7982201986754967,
    0.7994619205298014,
    0.8016866721854304,
    0.8016349337748344,
    0.8036009933774835,
    0.8054635761589404,
    0.8029283940397351,
    0.8041701158940397,
    0.8061361754966887,
    0.8069122516556292
  ],
  "val_acc": [
    0.7935977066411849,
    0.7957477305303392,
    0.7964644051600573,
    0.7921643573817487,
    0.7986144290492116,
    0.7962255136168179,
    0.7971810797897755,
    0.7988533205924511,
    0.8002866698518872,
    0.7909698996655519,
    0.7957477305303392,
    0.8005255613951267,
    0.7990922121356904,
    0.7866698518872431,
    0.7955088389870999
  ],
  "test_acc": [
    0.7904076738609113,
    0.7899280575539568,
    0.7937649880095923,
    0.7906474820143885,
    0.7913669064748201,
    0.791127098321343,
    0.791127098321343,
    0.7930455635491607,
    0.7961630695443646,
    0.7884892086330936,
    0.7956834532374101,
    0.794484412470024,
    0.7980815347721822,
    0.7875299760191846,
    0.7964028776978417
  ],
  "test_precision": [
    0.7846295444086516,
    0.7955959789372906,
    0.7852257181942545,
    0.796455938697318,
    0.7834627683873915,
    0.783363802559415,
    0.7772808586762076,
    0.7770870337477798,
    0.7821029082774049,
    0.7557220141489804,
    0.7862664847658026,
    0.7938144329896907,
    0.7836388019669199,
    0.7498980008159934,
    0.7772407732864675
  ],
  "test_recall": [
    0.8076740881099005,
    0.7873045949786831,
    0.8157271435338702,
    0.7877783041212696,
    0.812411179535765,
    0.8119374703931785,
    0.8233064898152535,
    0.8289909995262909,
    0.828043581241118,
    0.8602558029369967,
    0.8190431075319754,
    0.8024632875414496,
    0.8304121269540502,
    0.8706774040738986,
    0.8379914732354334
  ],
  "test_f1": [
    0.795985060690943,
    0.7914285714285715,
    0.800185873605948,
    0.7920933555608478,
    0.7976744186046512,
    0.7973947429634799,
    0.7996319300667126,
    0.8022003208801284,
    0.8044178554993097,
    0.8046078865750997,
    0.8023201856148492,
    0.79811542991755,
    0.8063477460901564,
    0.8057869355545814,
    0.8064736722133576
  ],
  "learning_rate": [
    0.001,
    0.001,
    0.001,
    0.001,
    0.001,
    0.001,
    0.001,
    0.001,
    0.001,
    0.001,
    0.001,
    0.001,
    0.001,
    0.001,
    0.001
  ],
  "early_stopped_epoch": null
}