{
  "train_acc": [
    0.781301738410596,
    0.7942363410596026,
    0.7976510761589404,
    0.7978062913907285,
    0.7980649834437086,
    0.8027214403973509,
    0.8012727649006622,
    0.8019453642384106,
    0.8018418874172185,
    0.8038079470198676,
    0.8035492549668874,
    0.8039114238410596,
    0.8059809602649006,
    0.8043253311258278,
    0.8057740066225165
  ],
  "val_acc": [
    0.7967032967032966,
    0.7964644051600573,
    0.7950310559006211,
    0.7986144290492116,
    0.7971810797897755,
    0.8000477783086479,
    0.8002866698518872,
    0.7974199713330148,
    0.7990922121356904,
    0.8012422360248447,
    0.8017200191113235,
    0.8000477783086479,
    0.7976588628762542,
    0.8014811275680841,
    0.8014811275680841
  ],
  "test_acc": [
    0.7887290167865707,
    0.7863309352517985,
    0.7920863309352518,
    0.7916067146282973,
    0.7889688249400479,
    0.7923261390887291,
    0.7923261390887291,
    0.7947242206235012,
    0.7954436450839328,
    0.7964028776978417,
    0.7949640287769785,
    0.7918465227817746,
    0.7913669064748201,
    0.7935251798561151,
    0.7904076738609113
  ],
  "test_precision": [
    0.7923003802281369,
    0.7765185856754306,
    0.7911985018726592,
    0.7835616438356164,
    0.7656452309020285,
    0.7825692237857467,
    0.7902097902097902,
    0.7879761358421294,
    0.7780725022104332,
    0.7796985815602837,
    0.7759226713532513,
    0.7946894262683737,
    0.7698999565028273,
    0.7820397111913358,
    0.7711530030688295
  ],
  "test_recall": [
    0.7896731406916153,
    0.8114637612505922,
    0.8005684509711037,
    0.8128848886783515,
    0.8403600189483657,
    0.8166745618190431,
    0.802936996684036,
    0.8133585978209379,
    0.8337280909521554,
    0.8332543818095689,
    0.8365703458076741,
    0.7939365229748934,
    0.8384651823780199,
    0.8209379441023211,
    0.8332543818095689
  ],
  "test_f1": [
    0.7909845788849348,
    0.7936066712995136,
    0.7958558982811397,
    0.7979539641943734,
    0.8012646793134598,
    0.7992582290217896,
    0.7965225563909775,
    0.8004662004662004,
    0.8049394008689686,
    0.805587359743531,
    0.8051059949851835,
    0.7943127962085308,
    0.8027210884353742,
    0.8010168708111856,
    0.8010018214936248
  ],
  "learning_rate": [
    0.001,
    0.001,
    0.001,
    0.001,
    0.001,
    0.001,
    0.001,
    0.001,
    0.001,
    0.001,
    0.001,
    0.001,
    0.001,
    0.001,
    0.001
  ],
  "early_stopped_epoch": null
}