{
  "encoder_length": 10,
  "seed": 789,
  "train_accuracy": 0.7034056886227545,
  "val_accuracy": 0.6892802783213742,
  "test_accuracy": 0.6866289198606271,
  "test_precision": 0.6841473178542834,
  "test_recall": 0.7244595167443832,
  "test_f1_score": 0.7037265801935351,
  "train_samples": 21405,
  "val_samples": 4599,
  "test_samples": 4592,
  "train_matches": 21405,
  "val_matches": 4599,
  "test_matches": 4592
}