{
  "encoder_length": 10,
  "seed": 1213,
  "train_accuracy": 0.7028443113772455,
  "val_accuracy": 0.6892802783213742,
  "test_accuracy": 0.6861933797909407,
  "test_precision": 0.6846339501206757,
  "test_recall": 0.7214921576939382,
  "test_f1_score": 0.7025799793601651,
  "train_samples": 21405,
  "val_samples": 4599,
  "test_samples": 4592,
  "train_matches": 21405,
  "val_matches": 4599,
  "test_matches": 4592
}