{
  "train_acc": [
    0.6750093562874252,
    0.6914296407185628,
    0.6902601047904192,
    0.6909618263473054,
    0.6937687125748503,
    0.6939558383233533,
    0.6935348053892215,
    0.6963884730538922,
    0.696248128742515,
    0.6955931886227545,
    0.6982129491017964,
    0.6985872005988024,
    0.7004584580838323,
    0.7019554640718563,
    0.7012537425149701
  ],
  "val_acc": [
    0.6892802783213742,
    0.6899325940421831,
    0.6916721026310068,
    0.6881930854533594,
    0.6927592954990215,
    0.6942813655142422,
    0.6899325940421831,
    0.6862361382909328,
    0.6879756468797564,
    0.690367471189389,
    0.6923244183518156,
    0.6916721026310068,
    0.6871058925853446,
    0.6894977168949772,
    0.690150032615786
  ],
  "test_acc": [
    0.6846689895470384,
    0.6835801393728222,
    0.6840156794425087,
    0.688588850174216,
    0.6890243902439024,
    0.6872822299651568,
    0.6857578397212544,
    0.6822735191637631,
    0.6851045296167247,
    0.6857578397212544,
    0.6877177700348432,
    0.6831445993031359,
    0.6829268292682927,
    0.6824912891986062,
    0.6820557491289199
  ],
  "test_precision": [
    0.6658172551874773,
    0.6643686502177069,
    0.6827697262479872,
    0.7008214440121054,
    0.7037199124726478,
    0.6909391808026479,
    0.7042818911685995,
    0.6748251748251748,
    0.6945036216446527,
    0.7039180765805877,
    0.7144181733889662,
    0.6994704324801412,
    0.6927016645326505,
    0.6798403193612774,
    0.6977562692476903
  ],
  "test_recall": [
    0.7753285290377279,
    0.7761763459092836,
    0.7189487070792708,
    0.6871555743959304,
    0.6816447647308181,
    0.7079270877490462,
    0.6693514200932599,
    0.7363289529461636,
    0.6909707503179313,
    0.6701992369648156,
    0.6532428995337007,
    0.6718948707079271,
    0.6880033912674862,
    0.7219160661297159,
    0.672318779143705
  ],
  "test_f1": [
    0.7164120642381512,
    0.7159335288367547,
    0.7003923188106546,
    0.6939212328767124,
    0.6925064599483204,
    0.6993299832495813,
    0.6863725277113671,
    0.7042367727549159,
    0.6927326816829579,
    0.6866449511400652,
    0.6824623560673162,
    0.6854054054054054,
    0.6903445342407486,
    0.7002467105263158,
    0.6848013816925734
  ],
  "learning_rate": [
    0.001,
    0.001,
    0.001,
    0.001,
    0.001,
    0.001,
    0.001,
    0.001,
    0.001,
    0.001,
    0.001,
    0.0005,
    0.0005,
    0.0005,
    0.0005
  ],
  "early_stopped_epoch": null
}