{
  "train_acc": [
    0.6809505988023952,
    0.6900729790419161,
    0.6913360778443114,
    0.6929266467065869,
    0.6918038922155688,
    0.6927863023952096,
    0.694189745508982,
    0.6979322604790419,
    0.6939090568862275,
    0.6967627245508982,
    0.6970434131736527,
    0.6963416916167665,
    0.6995696107784432,
    0.7005052395209581,
    0.7007859281437125
  ],
  "val_acc": [
    0.6877582083061535,
    0.6868884540117417,
    0.690150032615786,
    0.6914546640574037,
    0.6899325940421831,
    0.6942813655142422,
    0.6931941726462274,
    0.6884105240269623,
    0.6921069797782127,
    0.6934116112198304,
    0.6927592954990215,
    0.6908023483365949,
    0.6888454011741683,
    0.6916721026310068,
    0.6908023483365949
  ],
  "test_acc": [
    0.6851045296167247,
    0.685322299651568,
    0.6872822299651568,
    0.6872822299651568,
    0.6805313588850174,
    0.6848867595818815,
    0.6870644599303136,
    0.6818379790940766,
    0.6844512195121951,
    0.6857578397212544,
    0.6857578397212544,
    0.685322299651568,
    0.6842334494773519,
    0.6848867595818815,
    0.6861933797909407
  ],
  "test_precision": [
    0.7144199154532644,
    0.7092490842490843,
    0.6800624268435427,
    0.697983697983698,
    0.6883445945945946,
    0.6852152721364744,
    0.6981943250214961,
    0.684016393442623,
    0.7058823529411765,
    0.6939034716342083,
    0.7039180765805877,
    0.6819267515923567,
    0.6776084407971864,
    0.6904761904761905,
    0.6948217317487266
  ],
  "test_recall": [
    0.6447647308181432,
    0.6566341670199237,
    0.7388724035608308,
    0.6896990250105978,
    0.6909707503179313,
    0.7151335311572701,
    0.6884272997032641,
    0.7075031793132683,
    0.6612971598134803,
    0.6947859262399322,
    0.6701992369648156,
    0.7261551504874947,
    0.73505722763883,
    0.7007206443408224,
    0.6939381093683764
  ],
  "test_f1": [
    0.6778074866310161,
    0.6819282412502752,
    0.7082486793986185,
    0.693816631130064,
    0.6896551724137931,
    0.6998548019083177,
    0.6932764140875134,
    0.6955615753281934,
    0.6828627708470125,
    0.6943444185553908,
    0.6866449511400652,
    0.7033463354547321,
    0.7051647010980073,
    0.6955606985062066,
    0.6943796394485684
  ],
  "learning_rate": [
    0.001,
    0.001,
    0.001,
    0.001,
    0.001,
    0.001,
    0.001,
    0.001,
    0.001,
    0.001,
    0.001,
    0.0005,
    0.0005,
    0.0005,
    0.0005
  ],
  "early_stopped_epoch": null
}