{
  "train_acc": [
    0.6761788922155688,
    0.6906811377245509,
    0.6911021706586826,
    0.6906811377245509,
    0.694563997005988,
    0.6940961826347305,
    0.694563997005988,
    0.6960142215568862,
    0.6954060628742516,
    0.6969966317365269,
    0.6962013473053892,
    0.6993357035928144,
    0.6990082335329342,
    0.6992889221556886,
    0.6996163922155688
  ],
  "val_acc": [
    0.6905849097629919,
    0.6899325940421831,
    0.690150032615786,
    0.6881930854533594,
    0.6899325940421831,
    0.6910197869101978,
    0.6925418569254186,
    0.6897151554685801,
    0.6910197869101978,
    0.6899325940421831,
    0.6914546640574037,
    0.6884105240269623,
    0.685366383996521,
    0.690150032615786,
    0.6892802783213742
  ],
  "test_acc": [
    0.6835801393728222,
    0.6859756097560976,
    0.6857578397212544,
    0.6857578397212544,
    0.685322299651568,
    0.6816202090592335,
    0.6859756097560976,
    0.6861933797909407,
    0.686411149825784,
    0.6857578397212544,
    0.6818379790940766,
    0.6846689895470384,
    0.6833623693379791,
    0.6866289198606271,
    0.6866289198606271
  ],
  "test_precision": [
    0.6749034749034749,
    0.7036872501110617,
    0.6855753646677472,
    0.6930860033726813,
    0.6851701782820098,
    0.6704675028506272,
    0.702249669166299,
    0.7045454545454546,
    0.6964514749893117,
    0.7046470062555853,
    0.6814874696847211,
    0.6846372111876773,
    0.6717267552182163,
    0.6877551020408164,
    0.6841473178542834
  ],
  "test_recall": [
    0.7409919457397203,
    0.6714709622721492,
    0.7172530733361594,
    0.6969054684188215,
    0.7168291649003815,
    0.7477744807121661,
    0.6748622297583722,
    0.6701992369648156,
    0.6905468418821534,
    0.6685036032217041,
    0.7147096227214922,
    0.7159813480288257,
    0.7503179313268334,
    0.7142857142857143,
    0.7244595167443832
  ],
  "test_f1": [
    0.7064053344109921,
    0.6872017353579176,
    0.7010565568676196,
    0.6949904882688649,
    0.7006422208411022,
    0.7070140280561122,
    0.6882836143536533,
    0.6869432978492288,
    0.6934865900383141,
    0.6860996301936045,
    0.6977032898820609,
    0.6999585578118525,
    0.7088506207448939,
    0.7007693907257226,
    0.7037265801935351
  ],
  "learning_rate": [
    0.001,
    0.001,
    0.001,
    0.001,
    0.001,
    0.001,
    0.001,
    0.001,
    0.001,
    0.001,
    0.001,
    0.001,
    0.0005,
    0.0005,
    0.0005
  ],
  "early_stopped_epoch": null
}