{
  "train_acc": [
    0.6797342814371258,
    0.6888098802395209,
    0.6915232035928144,
    0.6931605538922155,
    0.6928798652694611,
    0.6946107784431138,
    0.6949850299401198,
    0.6971837574850299,
    0.6968095059880239,
    0.6988678892215568,
    0.6965755988023952,
    0.7005520209580839,
    0.6982129491017964,
    0.6986339820359282,
    0.7009730538922155
  ],
  "val_acc": [
    0.6879756468797564,
    0.6923244183518156,
    0.6929767340726245,
    0.6916721026310068,
    0.6918895412046097,
    0.6831919982604914,
    0.6864535768645358,
    0.6871058925853446,
    0.6912372254838008,
    0.6910197869101978,
    0.6942813655142422,
    0.6866710154381387,
    0.6914546640574037,
    0.684931506849315,
    0.6858012611437269
  ],
  "test_acc": [
    0.6861933797909407,
    0.6894599303135889,
    0.6883710801393729,
    0.6859756097560976,
    0.6890243902439024,
    0.6805313588850174,
    0.686411149825784,
    0.6837979094076655,
    0.6844512195121951,
    0.6894599303135889,
    0.6848867595818815,
    0.6844512195121951,
    0.6851045296167247,
    0.6857578397212544,
    0.6827090592334495
  ],
  "test_precision": [
    0.7107438016528925,
    0.6813058686358336,
    0.6922120961060481,
    0.6892282294676021,
    0.6942010846891948,
    0.6578202406227884,
    0.6843160850381067,
    0.6690272083488632,
    0.676905132192846,
    0.6962557846024401,
    0.7067089755213055,
    0.6775956284153005,
    0.6835544833132288,
    0.6780715396578538,
    0.6760343481654957
  ],
  "test_recall": [
    0.6562102585841458,
    0.7431114879186096,
    0.7083509961848241,
    0.7079270877490462,
    0.705383637134379,
    0.788045782111064,
    0.7231877914370496,
    0.7609156422212802,
    0.7380245866892751,
    0.7015684612123781,
    0.6608732513777024,
    0.7359050445103857,
    0.7206443408223824,
    0.7392963119966087,
    0.7342094107672743
  ],
  "test_f1": [
    0.6823892439938285,
    0.7108678021086781,
    0.700188560653677,
    0.698452530322041,
    0.6997476871320437,
    0.7170684667309547,
    0.7032151690024732,
    0.7120190400634668,
    0.7061447982153721,
    0.698902027027027,
    0.6830230010952902,
    0.705547652916074,
    0.7016095749071399,
    0.7073615899411884,
    0.7039219670798618
  ],
  "learning_rate": [
    0.001,
    0.001,
    0.001,
    0.001,
    0.001,
    0.001,
    0.001,
    0.001,
    0.0005,
    0.0005,
    0.0005,
    0.0005,
    0.0005,
    0.0005,
    0.0005
  ],
  "early_stopped_epoch": null
}