{
  "train_acc": [
    0.6773484281437125,
    0.6896051646706587,
    0.6906343562874252,
    0.6908214820359282,
    0.6927395209580839,
    0.6918038922155688,
    0.6934880239520959,
    0.6966691616766467,
    0.6964820359281437,
    0.6992421407185628,
    0.6990082335329342,
    0.7006455838323353,
    0.7006455838323353,
    0.6999438622754491,
    0.7017683383233533
  ],
  "val_acc": [
    0.684931506849315,
    0.6890628397477713,
    0.6916721026310068,
    0.6914546640574037,
    0.6888454011741683,
    0.6897151554685801,
    0.6834094368340944,
    0.6894977168949772,
    0.6908023483365949,
    0.6866710154381387,
    0.6912372254838008,
    0.6866710154381387,
    0.6888454011741683,
    0.6914546640574037,
    0.6884105240269623
  ],
  "test_acc": [
    0.6883710801393729,
    0.6918554006968641,
    0.6883710801393729,
    0.689677700348432,
    0.6894599303135889,
    0.6870644599303136,
    0.6803135888501742,
    0.6831445993031359,
    0.685322299651568,
    0.6844512195121951,
    0.6846689895470384,
    0.6842334494773519,
    0.6868466898954704,
    0.6851045296167247,
    0.6822735191637631
  ],
  "test_precision": [
    0.6893877551020409,
    0.697489539748954,
    0.6851556264964086,
    0.6825645035183737,
    0.6959260814783704,
    0.681639085894405,
    0.7191342843089031,
    0.6789390340459224,
    0.6899418121363259,
    0.6804123711340206,
    0.6841892438334007,
    0.682897384305835,
    0.6866639643291447,
    0.696852091418715,
    0.6836734693877551
  ],
  "test_recall": [
    0.7159813480288257,
    0.7066553624417126,
    0.7278507842306062,
    0.7401441288681645,
    0.7024162780839339,
    0.7333615938957185,
    0.6197541331072488,
    0.7270029673590505,
    0.7036880033912675,
    0.7274268757948283,
    0.7172530733361594,
    0.7193726155150487,
    0.7181008902077152,
    0.6850360322170411,
    0.7100466299279355
  ],
  "test_f1": [
    0.7024329382407986,
    0.7020425352705832,
    0.705858170606372,
    0.7101891397193411,
    0.6991561181434599,
    0.7065550336940984,
    0.6657559198542805,
    0.7021494370522006,
    0.6967471143756558,
    0.7031346035648433,
    0.7003311258278145,
    0.7006606110652354,
    0.7020306672192291,
    0.6908935442496793,
    0.6966105219380329
  ],
  "learning_rate": [
    0.001,
    0.001,
    0.001,
    0.001,
    0.001,
    0.001,
    0.001,
    0.001,
    0.0005,
    0.0005,
    0.0005,
    0.0005,
    0.0005,
    0.0005,
    0.00025
  ],
  "early_stopped_epoch": null
}