{
  "train_acc": [
    0.6754303892215568,
    0.6910086077844312,
    0.6919442365269461,
    0.6904004491017964,
    0.6919910179640718,
    0.6945172155688623,
    0.6939090568862275,
    0.6959674401197605,
    0.6980258233532934,
    0.6976983532934131,
    0.6972305389221557,
    0.6975580089820359,
    0.6971369760479041,
    0.6975112275449101,
    0.7019554640718563
  ],
  "val_acc": [
    0.6927592954990215,
    0.6962383126766688,
    0.6873233311589476,
    0.6916721026310068,
    0.6918895412046097,
    0.6908023483365949,
    0.6908023483365949,
    0.6910197869101978,
    0.6886279626005654,
    0.6860186997173299,
    0.6877582083061535,
    0.6938464883670363,
    0.6910197869101978,
    0.6936290497934333,
    0.6892802783213742
  ],
  "test_acc": [
    0.6822735191637631,
    0.6881533101045296,
    0.6851045296167247,
    0.6859756097560976,
    0.6883710801393729,
    0.6848867595818815,
    0.6840156794425087,
    0.681184668989547,
    0.6890243902439024,
    0.6868466898954704,
    0.6875,
    0.688588850174216,
    0.6872822299651568,
    0.6879355400696864,
    0.6861933797909407
  ],
  "test_precision": [
    0.6808681672025724,
    0.6914498141263941,
    0.6997811816192561,
    0.7029659141212926,
    0.7075134168157424,
    0.6849148418491484,
    0.6928632115548004,
    0.6724470134874759,
    0.6937161880982106,
    0.68442130556668,
    0.6923397169025812,
    0.7078299776286353,
    0.6898395721925134,
    0.6905349794238683,
    0.6846339501206757
  ],
  "test_recall": [
    0.7181008902077152,
    0.7096227214921577,
    0.6778295888088173,
    0.6731665960152607,
    0.6706231454005934,
    0.7159813480288257,
    0.6913946587537092,
    0.7397202204323866,
    0.7066553624417126,
    0.7244595167443832,
    0.7049597286986011,
    0.6706231454005934,
    0.7108944467994913,
    0.7113183552352692,
    0.7214921576939382
  ],
  "test_f1": [
    0.6989890654012791,
    0.700418410041841,
    0.6886304909560723,
    0.6877436119532265,
    0.6885745375408052,
    0.7001036269430052,
    0.6921281561638023,
    0.7044812272910779,
    0.7001259974800504,
    0.7038714991762768,
    0.6985927326191976,
    0.6887244231606443,
    0.7002087682672233,
    0.7007726038839006,
    0.7025799793601651
  ],
  "learning_rate": [
    0.001,
    0.001,
    0.001,
    0.001,
    0.001,
    0.001,
    0.001,
    0.0005,
    0.0005,
    0.0005,
    0.0005,
    0.0005,
    0.0005,
    0.00025,
    0.00025
  ],
  "early_stopped_epoch": null
}