{
  "train_acc": [
    0.6780969311377245,
    0.6904940119760479,
    0.6915699850299402,
    0.6917103293413174,
    0.694751122754491,
    0.6901665419161677,
    0.6942365269461078,
    0.6974644461077845,
    0.6973708832335329,
    0.695873877245509,
    0.6985404191616766,
    0.6992889221556886,
    0.6998035179640718,
    0.6969030688622755,
    0.6990082335329342
  ],
  "val_acc": [
    0.690367471189389,
    0.6884105240269623,
    0.6934116112198304,
    0.6938464883670363,
    0.690150032615786,
    0.6910197869101978,
    0.6897151554685801,
    0.6916721026310068,
    0.6866710154381387,
    0.6910197869101978,
    0.6914546640574037,
    0.6914546640574037,
    0.6944988040878451,
    0.6888454011741683,
    0.6918895412046097
  ],
  "test_acc": [
    0.6868466898954704,
    0.6818379790940766,
    0.6857578397212544,
    0.6868466898954704,
    0.6857578397212544,
    0.6855400696864111,
    0.6833623693379791,
    0.6870644599303136,
    0.6792247386759582,
    0.6831445993031359,
    0.6872822299651568,
    0.6883710801393729,
    0.6868466898954704,
    0.6827090592334495,
    0.6840156794425087
  ],
  "test_precision": [
    0.6891170431211499,
    0.7150383141762452,
    0.6750764525993884,
    0.6795321637426901,
    0.6836407377706496,
    0.688504326328801,
    0.6708191770479426,
    0.704162976085031,
    0.7062383612662942,
    0.6928327645051194,
    0.6849699398797595,
    0.6943048576214406,
    0.6994369857080988,
    0.6843826655764513,
    0.6886949293433084
  ],
  "test_recall": [
    0.7113183552352692,
    0.6328952946163628,
    0.7486222975837219,
    0.7388724035608308,
    0.7227638830012717,
    0.7083509961848241,
    0.7532852903772785,
    0.6740144128868164,
    0.6430690970750318,
    0.6884272997032641,
    0.7244595167443832,
    0.7028401865197117,
    0.6846121237812632,
    0.7096227214921577,
    0.7024162780839339
  ],
  "test_f1": [
    0.7000417188151856,
    0.6714639082527547,
    0.7099497487437186,
    0.7079610073111292,
    0.7026581495981867,
    0.69828666945257,
    0.7096645367412141,
    0.6887589343729694,
    0.6731750610161971,
    0.6906230065915373,
    0.7041615162752369,
    0.6985464503897199,
    0.6919451585261354,
    0.6967741935483871,
    0.6954879328436516
  ],
  "learning_rate": [
    0.001,
    0.001,
    0.001,
    0.001,
    0.001,
    0.001,
    0.001,
    0.001,
    0.001,
    0.0005,
    0.0005,
    0.0005,
    0.0005,
    0.0005,
    0.0005
  ],
  "early_stopped_epoch": null
}