{
  "train_acc": [
    0.679313248502994,
    0.6900729790419161,
    0.6901197604790419,
    0.6919442365269461,
    0.6937687125748503,
    0.6923184880239521,
    0.694938248502994,
    0.6968095059880239,
    0.6977451347305389,
    0.6933944610778443,
    0.6978854790419161,
    0.6961545658682635,
    0.6990082335329342,
    0.6980258233532934,
    0.6987743263473054
  ],
  "val_acc": [
    0.6897151554685801,
    0.6912372254838008,
    0.6897151554685801,
    0.6921069797782127,
    0.6910197869101978,
    0.6929767340726245,
    0.6910197869101978,
    0.6890628397477713,
    0.6936290497934333,
    0.6921069797782127,
    0.690367471189389,
    0.6938464883670363,
    0.6931941726462274,
    0.6936290497934333,
    0.6879756468797564
  ],
  "test_acc": [
    0.6827090592334495,
    0.6857578397212544,
    0.688588850174216,
    0.6857578397212544,
    0.6835801393728222,
    0.6855400696864111,
    0.6872822299651568,
    0.6824912891986062,
    0.6857578397212544,
    0.6822735191637631,
    0.6818379790940766,
    0.6855400696864111,
    0.6870644599303136,
    0.688588850174216,
    0.6846689895470384
  ],
  "test_precision": [
    0.7121354656632173,
    0.6752104055087987,
    0.7070887204636648,
    0.6800314465408805,
    0.68354943273906,
    0.6866585067319462,
    0.7030356357237132,
    0.6703213610586012,
    0.7046470062555853,
    0.6824817518248175,
    0.68929173693086,
    0.7043322912014293,
    0.7063563115487914,
    0.7006479481641469,
    0.7119590507212658
  ],
  "test_recall": [
    0.6417973717676981,
    0.748198389147944,
    0.672318779143705,
    0.7333615938957185,
    0.7151335311572701,
    0.7134378974141585,
    0.6774056803730394,
    0.751589656634167,
    0.6685036032217041,
    0.7134378974141585,
    0.6930902924968206,
    0.6685036032217041,
    0.668927511657482,
    0.6875794828317083,
    0.6485799067401441
  ],
  "test_f1": [
    0.675139353400223,
    0.709833098733159,
    0.6892655367231638,
    0.7056903936365491,
    0.6989848767350321,
    0.6997920997920998,
    0.6899827288428325,
    0.7086330935251799,
    0.6860996301936045,
    0.6976165803108808,
    0.6911857958148383,
    0.6859504132231405,
    0.6871325930764206,
    0.6940522036799316,
    0.678793256433008
  ],
  "learning_rate": [
    0.001,
    0.001,
    0.001,
    0.001,
    0.001,
    0.001,
    0.001,
    0.001,
    0.001,
    0.001,
    0.001,
    0.001,
    0.001,
    0.001,
    0.001
  ],
  "early_stopped_epoch": null
}