{
  "train_acc": [
    0.6796875,
    0.6896519461077845,
    0.6909618263473054,
    0.6919442365269461,
    0.6923652694610778,
    0.6947043413173652,
    0.6935348053892215,
    0.6943300898203593,
    0.695873877245509,
    0.6971837574850299,
    0.6979322604790419,
    0.6979322604790419,
    0.6976047904191617,
    0.7024700598802395,
    0.7006923652694611
  ],
  "val_acc": [
    0.6862361382909328,
    0.6931941726462274,
    0.690150032615786,
    0.6866710154381387,
    0.6899325940421831,
    0.6927592954990215,
    0.6951511198086541,
    0.6860186997173299,
    0.6897151554685801,
    0.6877582083061535,
    0.6931941726462274,
    0.6908023483365949,
    0.6858012611437269,
    0.6888454011741683,
    0.6888454011741683
  ],
  "test_acc": [
    0.6892421602787456,
    0.6868466898954704,
    0.688588850174216,
    0.6809668989547039,
    0.6851045296167247,
    0.6837979094076655,
    0.6851045296167247,
    0.6816202090592335,
    0.6842334494773519,
    0.6868466898954704,
    0.6857578397212544,
    0.6848867595818815,
    0.6844512195121951,
    0.6844512195121951,
    0.6833623693379791
  ],
  "test_precision": [
    0.7015570934256056,
    0.6945500633713562,
    0.6848388380421807,
    0.6659242761692651,
    0.6941726924712888,
    0.6759798214978657,
    0.6922105263157895,
    0.6676635514018692,
    0.6956521739130435,
    0.6825208085612366,
    0.6927609427609428,
    0.6837228041901692,
    0.6918212478920742,
    0.6864754098360656,
    0.6826806620912395
  ],
  "test_recall": [
    0.6875794828317083,
    0.6969054684188215,
    0.7295464179737177,
    0.7604917337855023,
    0.6918185671894871,
    0.738448495125053,
    0.6969054684188215,
    0.7571004662992794,
    0.6850360322170411,
    0.7299703264094956,
    0.6977532852903773,
    0.7193726155150487,
    0.695633743111488,
    0.7100466299279355,
    0.7168291649003815
  ],
  "test_f1": [
    0.6944979661742667,
    0.6957257723233178,
    0.7064860426929392,
    0.7100732238274292,
    0.6929936305732484,
    0.7058346839546191,
    0.6945500633713562,
    0.709574890742948,
    0.6903032891926527,
    0.7054485866448177,
    0.6952481520591342,
    0.7010948151208428,
    0.693722257450856,
    0.6980620962700562,
    0.6993382961124897
  ],
  "learning_rate": [
    0.001,
    0.001,
    0.001,
    0.001,
    0.001,
    0.001,
    0.001,
    0.001,
    0.001,
    0.001,
    0.001,
    0.001,
    0.0005,
    0.0005,
    0.0005
  ],
  "early_stopped_epoch": null
}