{
  "train_acc": [
    0.678938997005988,
    0.6887163173652695,
    0.6907747005988024,
    0.6917571107784432,
    0.6938154940119761,
    0.6933476796407185,
    0.6934880239520959,
    0.694938248502994,
    0.6955464071856288,
    0.6966223802395209,
    0.6958270958083832,
    0.696435254491018,
    0.6969030688622755,
    0.6997099550898204,
    0.7008794910179641
  ],
  "val_acc": [
    0.6914546640574037,
    0.6894977168949772,
    0.6921069797782127,
    0.6890628397477713,
    0.6899325940421831,
    0.6875407697325505,
    0.6942813655142422,
    0.684931506849315,
    0.6818873668188736,
    0.6875407697325505,
    0.6929767340726245,
    0.6940639269406392,
    0.6914546640574037,
    0.690367471189389,
    0.6888454011741683
  ],
  "test_acc": [
    0.6851045296167247,
    0.6796602787456446,
    0.6805313588850174,
    0.686411149825784,
    0.6846689895470384,
    0.6809668989547039,
    0.6866289198606271,
    0.6787891986062717,
    0.680095818815331,
    0.6898954703832753,
    0.6868466898954704,
    0.6855400696864111,
    0.6829268292682927,
    0.6829268292682927,
    0.6829268292682927
  ],
  "test_precision": [
    0.6923725242309313,
    0.6604046242774566,
    0.7127862595419847,
    0.6879345603271984,
    0.6846372111876773,
    0.6903747870528109,
    0.69279128248114,
    0.6604938271604939,
    0.6583629893238434,
    0.7053140096618358,
    0.6942218473218051,
    0.7030625832223701,
    0.6824242424242424,
    0.6913946587537092,
    0.6825717751718561
  ],
  "test_recall": [
    0.6964815599830436,
    0.77490462060195,
    0.6333192030521407,
    0.7130139889783806,
    0.7159813480288257,
    0.6871555743959304,
    0.7007206443408224,
    0.7710894446799491,
    0.7842306061890632,
    0.6807969478592624,
    0.6977532852903773,
    0.6714709622721492,
    0.7159813480288257,
    0.6913946587537092,
    0.7155574395930479
  ],
  "test_f1": [
    0.6944209636517329,
    0.7130875755802614,
    0.6707070707070707,
    0.7002497918401333,
    0.6999585578118525,
    0.6887614191629488,
    0.6967334035827186,
    0.7115196557793859,
    0.7158057651383246,
    0.6928386540120793,
    0.6959830866807611,
    0.6869037294015612,
    0.6988001654944146,
    0.6913946587537092,
    0.6986754966887417
  ],
  "learning_rate": [
    0.001,
    0.001,
    0.001,
    0.001,
    0.001,
    0.001,
    0.001,
    0.001,
    0.001,
    0.001,
    0.001,
    0.001,
    0.0005,
    0.0005,
    0.0005
  ],
  "early_stopped_epoch": null
}