{
  "encoder_length": 25,
  "train_accuracy": 0.8592509920634921,
  "val_accuracy": 0.8504566210045662,
  "test_accuracy": 0.8460431654676259,
  "test_precision": 0.8357221609702316,
  "test_recall": 0.8648031945236737,
  "test_f1_score": 0.8500140173815531,
  "train_samples": 16196,
  "val_samples": 3504,
  "test_samples": 3475,
  "train_matches": 16196,
  "val_matches": 3504,
  "test_matches": 3475
}