{
  "train_acc": [
    0.8318452380952381,
    0.8449900793650794,
    0.8443080357142857,
    0.8461061507936508,
    0.8469742063492064,
    0.8475322420634921,
    0.8493303571428571,
    0.8503224206349206,
    0.8498883928571429,
    0.8506324404761905,
    0.8514384920634921,
    0.8506944444444444,
    0.8507564484126984,
    0.853546626984127,
    0.8532986111111112
  ],
  "val_acc": [
    0.8547374429223744,
    0.8530251141552512,
    0.8515981735159818,
    0.8504566210045662,
    0.8493150684931506,
    0.8530251141552512,
    0.8515981735159818,
    0.8501712328767124,
    0.8513127853881278,
    0.851027397260274,
    0.8527397260273972,
    0.8518835616438356,
    0.8501712328767124,
    0.8515981735159818,
    0.8504566210045662
  ],
  "test_acc": [
    0.8474820143884892,
    0.8477697841726619,
    0.8503597122302158,
    0.8500719424460431,
    0.8477697841726619,
    0.8503597122302158,
    0.8515107913669064,
    0.8483453237410072,
    0.8492086330935252,
    0.8480575539568346,
    0.8483453237410072,
    0.8443165467625899,
    0.8489208633093526,
    0.8469064748201439,
    0.8460431654676259
  ],
  "test_precision": [
    0.8484330484330485,
    0.8587338804220399,
    0.8582219639744335,
    0.8484162895927602,
    0.8457627118644068,
    0.8512820512820513,
    0.8480585256049522,
    0.8349726775956284,
    0.8465877044557247,
    0.8393351800554016,
    0.8428411633109619,
    0.8366666666666667,
    0.8468926553672317,
    0.8371065709552733,
    0.8357221609702316
  ],
  "test_recall": [
    0.8494010268111808,
    0.8357102110667427,
    0.8425556189389618,
    0.8556759840273817,
    0.8539646320593268,
    0.8522532800912721,
    0.8596691386195094,
    0.8716486023958927,
    0.8562464346833999,
    0.8642327438676555,
    0.8596691386195094,
    0.8590986879634912,
    0.8551055333713634,
    0.8648031945236737,
    0.8648031945236737
  ],
  "test_f1": [
    0.8489167616875712,
    0.8470656259034403,
    0.8503166378814048,
    0.8520306731042318,
    0.8498438830542152,
    0.8517673888255416,
    0.8538243626062323,
    0.8529165503767793,
    0.8513896766874646,
    0.851602023608769,
    0.8511719853148828,
    0.8477343090346187,
    0.8509792790235595,
    0.8507295173961841,
    0.8500140173815531
  ],
  "learning_rate": [
    0.001,
    0.001,
    0.001,
    0.001,
    0.001,
    0.001,
    0.0005,
    0.0005,
    0.0005,
    0.0005,
    0.0005,
    0.0005,
    0.00025,
    0.00025,
    0.00025
  ],
  "early_stopped_epoch": null
}