{
  "model": "Gradient Boosting Classifier",
  "n_estimators": 200,
  "learning_rate": 0.1,
  "max_depth": 5,
  "features": "Gold differences (actual 0-14, Seq2Seq forecast 15-19)",
  "target": "Win/Loss",
  "train_accuracy": 0.8748547074777218,
  "train_auc": 0.948176643053895,
  "test_accuracy": 0.726144297905353,
  "test_auc": 0.7995650183150182,
  "train_samples": 20648,
  "test_samples": 2578
}