{
  "encoder_length": 30,
  "seed": 789,
  "train_accuracy": 0.8767123287671232,
  "val_accuracy": 0.843040473840079,
  "test_accuracy": 0.8504672897196262,
  "test_precision": 0.8655967903711134,
  "test_recall": 0.8354307841239109,
  "test_f1_score": 0.8502463054187193,
  "train_samples": 9431,
  "val_samples": 2026,
  "test_samples": 2033,
  "train_matches": 9431,
  "val_matches": 2026,
  "test_matches": 2033
}