{
  "encoder_length": 30,
  "seed": 42,
  "train_accuracy": 0.8738227739726028,
  "val_accuracy": 0.8464955577492597,
  "test_accuracy": 0.853910477127398,
  "test_precision": 0.8881856540084389,
  "test_recall": 0.8151016456921588,
  "test_f1_score": 0.8500757193336699,
  "train_samples": 9431,
  "val_samples": 2026,
  "test_samples": 2033,
  "train_matches": 9431,
  "val_matches": 2026,
  "test_matches": 2033
}