{
  "train_acc": [
    0.8266267123287672,
    0.8530607876712328,
    0.8592679794520548,
    0.858304794520548,
    0.857341609589041,
    0.8608732876712328,
    0.863013698630137,
    0.8621575342465754,
    0.8580907534246576,
    0.8618364726027398,
    0.8669734589041096,
    0.8642979452054794,
    0.866652397260274,
    0.8671875,
    0.8707191780821918
  ],
  "val_acc": [
    0.8450148075024679,
    0.8450148075024679,
    0.8484698914116485,
    0.8519249753208292,
    0.8474827245804541,
    0.8504442250740375,
    0.8499506416584403,
    0.8455083909180652,
    0.8440276406712734,
    0.8474827245804541,
    0.8469891411648569,
    0.8464955577492597,
    0.843040473840079,
    0.8460019743336624,
    0.843040473840079
  ],
  "test_acc": [
    0.8524348253812101,
    0.8455484505656665,
    0.8465322183964584,
    0.853418593212002,
    0.8568617806197737,
    0.853910477127398,
    0.8544023610427939,
    0.852926709296606,
    0.852926709296606,
    0.8588293162813576,
    0.8544023610427939,
    0.8553861288735858,
    0.8524348253812101,
    0.8455484505656665,
    0.8504672897196262
  ],
  "test_precision": [
    0.8676028084252758,
    0.8796198521647307,
    0.8751300728407908,
    0.8700906344410876,
    0.8702594810379242,
    0.8665338645418327,
    0.8574199806013579,
    0.8684738955823293,
    0.8655378486055777,
    0.8649706457925636,
    0.8802889576883385,
    0.8758901322482198,
    0.8698284561049445,
    0.8679631525076765,
    0.8655967903711134
  ],
  "test_recall": [
    0.8373668925459826,
    0.8063891577928364,
    0.814133591481123,
    0.8363988383349468,
    0.8441432720232332,
    0.8422071636011617,
    0.8557599225556631,
    0.8373668925459826,
    0.8412391093901258,
    0.8557599225556631,
    0.8257502420135527,
    0.8334946757018393,
    0.8344627299128751,
    0.8209099709583737,
    0.8354307841239109
  ],
  "test_f1": [
    0.8522167487684729,
    0.8414141414141414,
    0.843530591775326,
    0.8529121421520237,
    0.857002457002457,
    0.8541973490427098,
    0.8565891472868217,
    0.8526367668802366,
    0.8532155130093274,
    0.8603406326034063,
    0.8521478521478522,
    0.8541666666666666,
    0.8517786561264822,
    0.8437810945273632,
    0.8502463054187193
  ],
  "learning_rate": [
    0.001,
    0.001,
    0.001,
    0.001,
    0.001,
    0.001,
    0.001,
    0.001,
    0.001,
    0.0005,
    0.0005,
    0.0005,
    0.0005,
    0.0005,
    0.0005
  ],
  "early_stopped_epoch": null
}