{
  "train_acc": [
    0.8396832191780822,
    0.8550941780821918,
    0.8563784246575342,
    0.8592679794520548,
    0.8607662671232876,
    0.8578767123287672,
    0.8602311643835616,
    0.861943493150685,
    0.8632277397260274,
    0.8603381849315068,
    0.863548801369863,
    0.8664383561643836,
    0.8660102739726028,
    0.8668664383561644,
    0.8698630136986302
  ],
  "val_acc": [
    0.8455083909180652,
    0.8440276406712734,
    0.8484698914116485,
    0.8464955577492597,
    0.8484698914116485,
    0.8460019743336624,
    0.8484698914116485,
    0.8474827245804541,
    0.8504442250740375,
    0.8469891411648569,
    0.8440276406712734,
    0.8450148075024679,
    0.8469891411648569,
    0.8420533070088845,
    0.8464955577492597
  ],
  "test_acc": [
    0.8509591736350222,
    0.8470241023118544,
    0.8524348253812101,
    0.8578455484505657,
    0.8524348253812101,
    0.8563698967043778,
    0.8519429414658141,
    0.8558780127889818,
    0.853418593212002,
    0.8568617806197737,
    0.8455484505656665,
    0.8484997540580423,
    0.8519429414658141,
    0.8489916379734382,
    0.853910477127398
  ],
  "test_precision": [
    0.8516377649325626,
    0.8848614072494669,
    0.8845750262329486,
    0.8675889328063241,
    0.8861959957850368,
    0.8679245283018868,
    0.8588235294117647,
    0.8670634920634921,
    0.8523489932885906,
    0.8644400785854617,
    0.8534906588003933,
    0.8827877507919747,
    0.8828451882845189,
    0.8579881656804734,
    0.8881856540084389
  ],
  "test_recall": [
    0.8557599225556631,
    0.8034849951597289,
    0.8160696999031946,
    0.8499515972894482,
    0.814133591481123,
    0.846079380445305,
    0.8480154888673765,
    0.846079380445305,
    0.8606001936108422,
    0.8518877057115198,
    0.8402710551790901,
    0.8092933204259438,
    0.8170377541142304,
    0.8422071636011617,
    0.8151016456921588
  ],
  "test_f1": [
    0.8536938676967648,
    0.8422120750887874,
    0.8489425981873112,
    0.858679706601467,
    0.8486377396569122,
    0.8568627450980392,
    0.8533852898197759,
    0.8564429201371877,
    0.8564547206165704,
    0.8581179912237933,
    0.8468292682926829,
    0.8444444444444444,
    0.8486676721970839,
    0.8500244259892525,
    0.8500757193336699
  ],
  "learning_rate": [
    0.001,
    0.001,
    0.001,
    0.001,
    0.001,
    0.001,
    0.001,
    0.001,
    0.001,
    0.001,
    0.001,
    0.001,
    0.001,
    0.001,
    0.0005
  ],
  "early_stopped_epoch": null
}