{
  "train_acc": [
    0.8315496575342466,
    0.8537029109589042,
    0.855201198630137,
    0.8542380136986302,
    0.8556292808219178,
    0.8578767123287672,
    0.858304794520548,
    0.8600171232876712,
    0.8631207191780822,
    0.8623715753424658,
    0.8652611301369864,
    0.8670804794520548,
    0.8695419520547946,
    0.8695419520547946,
    0.8703981164383562
  ],
  "val_acc": [
    0.8464955577492597,
    0.8479763079960513,
    0.8499506416584403,
    0.8484698914116485,
    0.8445212240868707,
    0.8455083909180652,
    0.8489634748272458,
    0.849457058242843,
    0.8400789733464955,
    0.8474827245804541,
    0.8455083909180652,
    0.8425468904244817,
    0.8479763079960513,
    0.8455083909180652,
    0.8450148075024679
  ],
  "test_acc": [
    0.8499754058042303,
    0.852926709296606,
    0.8489916379734382,
    0.8524348253812101,
    0.8470241023118544,
    0.8544023610427939,
    0.8484997540580423,
    0.8465322183964584,
    0.853418593212002,
    0.8499754058042303,
    0.8509591736350222,
    0.8489916379734382,
    0.8504672897196262,
    0.8455484505656665,
    0.8416133792424988
  ],
  "test_precision": [
    0.8676767676767677,
    0.8648111332007953,
    0.8757763975155279,
    0.8837696335078534,
    0.8760416666666667,
    0.8718466195761857,
    0.8835978835978836,
    0.8469682386910491,
    0.8463713477851084,
    0.8847780126849895,
    0.8686868686868687,
    0.8734567901234568,
    0.8848996832101372,
    0.8672114402451481,
    0.8653648509763617
  ],
  "test_recall": [
    0.8315585672797676,
    0.8422071636011617,
    0.818973862536302,
    0.8170377541142304,
    0.814133591481123,
    0.8363988383349468,
    0.8083252662149081,
    0.8518877057115198,
    0.8693126815101646,
    0.8102613746369797,
    0.8325266214908035,
    0.8218780251694094,
    0.8112294288480155,
    0.8218780251694094,
    0.8151016456921588
  ],
  "test_f1": [
    0.8492338111715274,
    0.853359489946052,
    0.8464232116058029,
    0.8490945674044266,
    0.8439538384345209,
    0.8537549407114624,
    0.8442871587462083,
    0.8494208494208494,
    0.8576886341929322,
    0.8458817584638706,
    0.8502224419179436,
    0.8468827930174564,
    0.8464646464646465,
    0.8439363817097415,
    0.839481555333998
  ],
  "learning_rate": [
    0.001,
    0.001,
    0.001,
    0.001,
    0.001,
    0.001,
    0.001,
    0.001,
    0.0005,
    0.0005,
    0.0005,
    0.0005,
    0.0005,
    0.0005,
    0.00025
  ],
  "early_stopped_epoch": null
}