{
  "train_acc": [
    0.8315496575342466,
    0.8559503424657534,
    0.857341609589041,
    0.8576626712328768,
    0.8572345890410958,
    0.8601241438356164,
    0.861943493150685,
    0.8623715753424658,
    0.8653681506849316,
    0.8659032534246576,
    0.8633347602739726,
    0.867722602739726,
    0.8701840753424658,
    0.8711472602739726,
    0.8737157534246576
  ],
  "val_acc": [
    0.8450148075024679,
    0.8484698914116485,
    0.8445212240868707,
    0.8484698914116485,
    0.8479763079960513,
    0.8460019743336624,
    0.8474827245804541,
    0.8484698914116485,
    0.8484698914116485,
    0.8464955577492597,
    0.8376110562685094,
    0.8455083909180652,
    0.8415597235932872,
    0.8415597235932872,
    0.843040473840079
  ],
  "test_acc": [
    0.8489916379734382,
    0.8504672897196262,
    0.8519429414658141,
    0.8519429414658141,
    0.8470241023118544,
    0.8445646827348746,
    0.8465322183964584,
    0.8455484505656665,
    0.8573536645351697,
    0.8499754058042303,
    0.8494835218888342,
    0.8524348253812101,
    0.852926709296606,
    0.8489916379734382,
    0.8504672897196262
  ],
  "test_precision": [
    0.8483685220729367,
    0.8605341246290801,
    0.8532818532818532,
    0.8472485768500949,
    0.8624497991967871,
    0.8900979325353645,
    0.8751300728407908,
    0.8853161843515541,
    0.8718718718718719,
    0.8729508196721312,
    0.845861084681256,
    0.8661338661338661,
    0.8590998043052838,
    0.8601190476190477,
    0.8761609907120743
  ],
  "test_recall": [
    0.8557599225556631,
    0.8422071636011617,
    0.8557599225556631,
    0.8644724104549855,
    0.8315585672797676,
    0.7918683446272992,
    0.814133591481123,
    0.7996127783155856,
    0.8431752178121975,
    0.8247821878025169,
    0.8606001936108422,
    0.8393030009680542,
    0.8499515972894482,
    0.8393030009680542,
    0.8218780251694094
  ],
  "test_f1": [
    0.8520481927710843,
    0.8512720156555773,
    0.8545190913484775,
    0.8557738380450407,
    0.8467225234105471,
    0.8381147540983607,
    0.843530591775326,
    0.8402848423194303,
    0.8572834645669292,
    0.8481831757093081,
    0.8531669865642995,
    0.8525073746312685,
    0.8545012165450122,
    0.8495835374816266,
    0.8481518481518482
  ],
  "learning_rate": [
    0.001,
    0.001,
    0.001,
    0.001,
    0.001,
    0.001,
    0.001,
    0.0005,
    0.0005,
    0.0005,
    0.0005,
    0.0005,
    0.0005,
    0.00025,
    0.00025
  ],
  "early_stopped_epoch": null
}