{
  "train_acc": [
    0.8316566780821918,
    0.8538099315068494,
    0.8537029109589042,
    0.856271404109589,
    0.8585188356164384,
    0.858304794520548,
    0.8590539383561644,
    0.8625856164383562,
    0.8608732876712328,
    0.8616224315068494,
    0.8662243150684932,
    0.8663313356164384,
    0.8685787671232876,
    0.8727525684931506,
    0.8740368150684932
  ],
  "val_acc": [
    0.8524185587364265,
    0.849457058242843,
    0.849457058242843,
    0.8529121421520237,
    0.8489634748272458,
    0.8524185587364265,
    0.8509378084896347,
    0.8361303060217177,
    0.8435340572556762,
    0.8445212240868707,
    0.8479763079960513,
    0.8405725567620927,
    0.8425468904244817,
    0.8405725567620927,
    0.843040473840079
  ],
  "test_acc": [
    0.8519429414658141,
    0.8514510575504181,
    0.8519429414658141,
    0.8504672897196262,
    0.8450565666502705,
    0.852926709296606,
    0.8509591736350222,
    0.8484997540580423,
    0.852926709296606,
    0.8484997540580423,
    0.8489916379734382,
    0.8484997540580423,
    0.8455484505656665,
    0.8460403344810624,
    0.8401377274963109
  ],
  "test_precision": [
    0.8492366412213741,
    0.8629592850049652,
    0.8734693877551021,
    0.8730808597748209,
    0.8604417670682731,
    0.867,
    0.8762886597938144,
    0.8341013824884793,
    0.8648111332007953,
    0.8885316184351554,
    0.869653767820774,
    0.856440511307768,
    0.8664627930682977,
    0.8680981595092024,
    0.8619631901840491
  ],
  "test_recall": [
    0.861568247821878,
    0.8412391093901258,
    0.8286544046466602,
    0.8257502420135527,
    0.829622458857696,
    0.8393030009680542,
    0.8228460793804453,
    0.8760890609874153,
    0.8422071636011617,
    0.8025169409486931,
    0.8267182962245886,
    0.8431752178121975,
    0.8228460793804453,
    0.8218780251694094,
    0.8160696999031946
  ],
  "test_f1": [
    0.8553580009610764,
    0.8519607843137255,
    0.8504719324391455,
    0.8487562189054726,
    0.8447511089206505,
    0.852926709296606,
    0.8487269096355466,
    0.8545797922568461,
    0.853359489946052,
    0.8433367243133265,
    0.8476426799007444,
    0.8497560975609756,
    0.8440913604766633,
    0.8443560417702636,
    0.8383888612630532
  ],
  "learning_rate": [
    0.001,
    0.001,
    0.001,
    0.001,
    0.001,
    0.001,
    0.001,
    0.001,
    0.001,
    0.0005,
    0.0005,
    0.0005,
    0.0005,
    0.0005,
    0.0005
  ],
  "early_stopped_epoch": null
}