{
  "train_acc": [
    0.8349743150684932,
    0.8538099315068494,
    0.8548801369863014,
    0.8559503424657534,
    0.8584118150684932,
    0.8548801369863014,
    0.857341609589041,
    0.8575556506849316,
    0.8566994863013698,
    0.8608732876712328,
    0.8638698630136986,
    0.866117294520548,
    0.864619006849315,
    0.8668664383561644,
    0.867722602739726
  ],
  "val_acc": [
    0.8469891411648569,
    0.8504442250740375,
    0.8499506416584403,
    0.8529121421520237,
    0.8524185587364265,
    0.8440276406712734,
    0.8469891411648569,
    0.851431391905232,
    0.8435340572556762,
    0.8455083909180652,
    0.8445212240868707,
    0.8484698914116485,
    0.843040473840079,
    0.8376110562685094,
    0.8460019743336624
  ],
  "test_acc": [
    0.8450565666502705,
    0.8514510575504181,
    0.8514510575504181,
    0.8480078701426463,
    0.8499754058042303,
    0.8406296114117069,
    0.8514510575504181,
    0.8509591736350222,
    0.8509591736350222,
    0.8524348253812101,
    0.8514510575504181,
    0.8489916379734382,
    0.8475159862272503,
    0.8440727988194786,
    0.8480078701426463
  ],
  "test_precision": [
    0.8827292110874201,
    0.8629592850049652,
    0.881126173096976,
    0.862,
    0.8603960396039604,
    0.8775292864749734,
    0.8787564766839379,
    0.8436911487758946,
    0.8709349593495935,
    0.8690835850956697,
    0.863681592039801,
    0.8558823529411764,
    0.8597014925373134,
    0.8482490272373541,
    0.8649193548387096
  ],
  "test_recall": [
    0.8015488867376573,
    0.8412391093901258,
    0.8180058083252663,
    0.8344627299128751,
    0.8412391093901258,
    0.797676669893514,
    0.8209099709583737,
    0.8673765730880929,
    0.829622458857696,
    0.8354307841239109,
    0.8402710551790901,
    0.8451113262342691,
    0.8363988383349468,
    0.8441432720232332,
    0.8305905130687319
  ],
  "test_f1": [
    0.8401826484018264,
    0.8519607843137255,
    0.8483935742971888,
    0.8480078701426463,
    0.850709740577582,
    0.8356997971602435,
    0.8488488488488488,
    0.8553699284009546,
    0.8497768963807635,
    0.8519249753208292,
    0.8518155053974484,
    0.8504627374573794,
    0.8478900883218842,
    0.8461911693352742,
    0.8474074074074074
  ],
  "learning_rate": [
    0.001,
    0.001,
    0.001,
    0.001,
    0.001,
    0.001,
    0.001,
    0.001,
    0.001,
    0.0005,
    0.0005,
    0.0005,
    0.0005,
    0.0005,
    0.0005
  ],
  "early_stopped_epoch": null
}