{
  "train_acc": [
    0.8314426369863014,
    0.8502782534246576,
    0.8522046232876712,
    0.855736301369863,
    0.8547731164383562,
    0.8603381849315068,
    0.8581977739726028,
    0.8595890410958904,
    0.8611943493150684,
    0.865154109589041,
    0.8632277397260274,
    0.866117294520548,
    0.8679366438356164,
    0.8732876712328768,
    0.8748929794520548
  ],
  "val_acc": [
    0.8479763079960513,
    0.849457058242843,
    0.843040473840079,
    0.8469891411648569,
    0.8450148075024679,
    0.8479763079960513,
    0.8529121421520237,
    0.8440276406712734,
    0.8450148075024679,
    0.8504442250740375,
    0.8425468904244817,
    0.8376110562685094,
    0.8415597235932872,
    0.843040473840079,
    0.8425468904244817
  ],
  "test_acc": [
    0.853418593212002,
    0.8558780127889818,
    0.8514510575504181,
    0.8489916379734382,
    0.853418593212002,
    0.8499754058042303,
    0.8514510575504181,
    0.8558780127889818,
    0.8470241023118544,
    0.8553861288735858,
    0.8558780127889818,
    0.8568617806197737,
    0.8544023610427939,
    0.8519429414658141,
    0.8509591736350222
  ],
  "test_precision": [
    0.8483412322274881,
    0.8550863723608445,
    0.8517805582290664,
    0.8681541582150102,
    0.8585365853658536,
    0.8714285714285714,
    0.864406779661017,
    0.8862212943632568,
    0.8661257606490872,
    0.8698698698698699,
    0.8714859437751004,
    0.8717434869739479,
    0.8874868559411146,
    0.8623762376237624,
    0.8694331983805668
  ],
  "test_recall": [
    0.8664085188770572,
    0.8625363020329139,
    0.856727976766699,
    0.8286544046466602,
    0.8518877057115198,
    0.8267182962245886,
    0.8393030009680542,
    0.8218780251694094,
    0.8267182962245886,
    0.8412391093901258,
    0.8402710551790901,
    0.8422071636011617,
    0.8170377541142304,
    0.8431752178121975,
    0.8315585672797676
  ],
  "test_f1": [
    0.85727969348659,
    0.8587951807228915,
    0.8542471042471043,
    0.8479445269935612,
    0.8551992225461613,
    0.8484848484848485,
    0.8516699410609038,
    0.8528377699648418,
    0.8459633481921743,
    0.8553149606299213,
    0.8555938886150813,
    0.8567208271787297,
    0.8508064516129032,
    0.8526676456191875,
    0.8500742206828302
  ],
  "learning_rate": [
    0.001,
    0.001,
    0.001,
    0.001,
    0.001,
    0.001,
    0.001,
    0.001,
    0.001,
    0.001,
    0.001,
    0.001,
    0.0005,
    0.0005,
    0.0005
  ],
  "early_stopped_epoch": null
}