{
  "train_acc": [
    0.830693493150685,
    0.8530607876712328,
    0.855736301369863,
    0.8566994863013698,
    0.8566994863013698,
    0.8629066780821918,
    0.8611943493150684,
    0.8590539383561644,
    0.8591609589041096,
    0.860980308219178,
    0.8634417808219178,
    0.8622645547945206,
    0.8641909246575342,
    0.8695419520547946,
    0.870826198630137
  ],
  "val_acc": [
    0.8460019743336624,
    0.8460019743336624,
    0.8474827245804541,
    0.8474827245804541,
    0.8455083909180652,
    0.849457058242843,
    0.8543928923988154,
    0.8455083909180652,
    0.8445212240868707,
    0.8460019743336624,
    0.8450148075024679,
    0.8445212240868707,
    0.8460019743336624,
    0.8460019743336624,
    0.8450148075024679
  ],
  "test_acc": [
    0.8504672897196262,
    0.8494835218888342,
    0.8489916379734382,
    0.8519429414658141,
    0.8499754058042303,
    0.8583374323659616,
    0.8563698967043778,
    0.852926709296606,
    0.852926709296606,
    0.8548942449581899,
    0.852926709296606,
    0.8514510575504181,
    0.8465322183964584,
    0.8504672897196262,
    0.852926709296606
  ],
  "test_precision": [
    0.8693009118541033,
    0.8790406673618353,
    0.8681541582150102,
    0.8526011560693642,
    0.8654618473895582,
    0.8751258811681772,
    0.8792221084953941,
    0.8737270875763747,
    0.8846960167714885,
    0.8900634249471459,
    0.8528846153846154,
    0.851104707012488,
    0.8496605237633366,
    0.8708036622583927,
    0.8648111332007953
  ],
  "test_recall": [
    0.8305905130687319,
    0.8160696999031946,
    0.8286544046466602,
    0.856727976766699,
    0.8344627299128751,
    0.8412391093901258,
    0.8315585672797676,
    0.8305905130687319,
    0.8170377541142304,
    0.8151016456921588,
    0.8586640851887706,
    0.8576960309777347,
    0.8480154888673765,
    0.8286544046466602,
    0.8422071636011617
  ],
  "test_f1": [
    0.8495049504950495,
    0.8463855421686747,
    0.8479445269935612,
    0.8546595847416707,
    0.8496796451453918,
    0.857847976307996,
    0.854726368159204,
    0.8516129032258064,
    0.8495218922999497,
    0.8509348155634159,
    0.8557645923781958,
    0.8543876567020251,
    0.8488372093023255,
    0.8492063492063492,
    0.853359489946052
  ],
  "learning_rate": [
    0.001,
    0.001,
    0.001,
    0.001,
    0.001,
    0.001,
    0.001,
    0.001,
    0.001,
    0.001,
    0.001,
    0.001,
    0.0005,
    0.0005,
    0.0005
  ],
  "early_stopped_epoch": null
}