{
  "train_acc": [
    0.822880993150685,
    0.8500642123287672,
    0.8534888698630136,
    0.8547731164383562,
    0.8563784246575342,
    0.8563784246575342,
    0.8579837328767124,
    0.8574486301369864,
    0.8620505136986302,
    0.860980308219178,
    0.8636558219178082,
    0.8637628424657534,
    0.863548801369863,
    0.8644049657534246,
    0.8720034246575342
  ],
  "val_acc": [
    0.8425468904244817,
    0.8469891411648569,
    0.8484698914116485,
    0.8445212240868707,
    0.8469891411648569,
    0.8469891411648569,
    0.8479763079960513,
    0.851431391905232,
    0.8415597235932872,
    0.8489634748272458,
    0.8445212240868707,
    0.843040473840079,
    0.8499506416584403,
    0.8435340572556762,
    0.8460019743336624
  ],
  "test_acc": [
    0.8460403344810624,
    0.8509591736350222,
    0.8544023610427939,
    0.8480078701426463,
    0.8504672897196262,
    0.8524348253812101,
    0.8445646827348746,
    0.853418593212002,
    0.8435809149040826,
    0.8460403344810624,
    0.8430890309886867,
    0.8494835218888342,
    0.8470241023118544,
    0.8445646827348746,
    0.8416133792424988
  ],
  "test_precision": [
    0.8938730853391685,
    0.8778467908902692,
    0.8644906033630069,
    0.8612774451097804,
    0.8785046728971962,
    0.8766700924974307,
    0.8761804826862539,
    0.8671328671328671,
    0.8508341511285574,
    0.871900826446281,
    0.8387096774193549,
    0.858128078817734,
    0.8560157790927022,
    0.8450433108758422,
    0.8653648509763617
  ],
  "test_recall": [
    0.7909002904162633,
    0.8209099709583737,
    0.846079380445305,
    0.8354307841239109,
    0.818973862536302,
    0.8257502420135527,
    0.8083252662149081,
    0.8402710551790901,
    0.8393030009680542,
    0.8170377541142304,
    0.8557599225556631,
    0.8431752178121975,
    0.8402710551790901,
    0.8499515972894482,
    0.8151016456921588
  ],
  "test_f1": [
    0.8392398561890088,
    0.848424212106053,
    0.8551859099804305,
    0.8481572481572481,
    0.8476953907815631,
    0.8504486540378864,
    0.8408862034239678,
    0.8534906588003933,
    0.8450292397660819,
    0.8435782108945528,
    0.8471490177287974,
    0.8505859375,
    0.8480703468490474,
    0.8474903474903475,
    0.839481555333998
  ],
  "learning_rate": [
    0.001,
    0.001,
    0.001,
    0.001,
    0.001,
    0.001,
    0.001,
    0.001,
    0.001,
    0.001,
    0.001,
    0.001,
    0.001,
    0.0005,
    0.0005
  ],
  "early_stopped_epoch": null
}