{
  "train_acc": [
    0.8382919520547946,
    0.8519905821917808,
    0.8555222602739726,
    0.8563784246575342,
    0.855201198630137,
    0.8576626712328768,
    0.860980308219178,
    0.8596960616438356,
    0.8591609589041096,
    0.861943493150685,
    0.8656892123287672,
    0.8631207191780822,
    0.8671875,
    0.8688998287671232,
    0.8712542808219178
  ],
  "val_acc": [
    0.843040473840079,
    0.8435340572556762,
    0.851431391905232,
    0.8499506416584403,
    0.8425468904244817,
    0.8435340572556762,
    0.8464955577492597,
    0.8464955577492597,
    0.8474827245804541,
    0.8450148075024679,
    0.8469891411648569,
    0.8450148075024679,
    0.8450148075024679,
    0.8395853899308984,
    0.8390918065153011
  ],
  "test_acc": [
    0.8524348253812101,
    0.8450565666502705,
    0.8499754058042303,
    0.8484997540580423,
    0.852926709296606,
    0.8494835218888342,
    0.8489916379734382,
    0.8514510575504181,
    0.8568617806197737,
    0.8568617806197737,
    0.8499754058042303,
    0.853910477127398,
    0.853418593212002,
    0.8465322183964584,
    0.8465322183964584
  ],
  "test_precision": [
    0.8500477554918816,
    0.8919213973799127,
    0.8654618473895582,
    0.865055387713998,
    0.8799171842650103,
    0.882229232386961,
    0.8483685220729367,
    0.8884165781083954,
    0.8778004073319755,
    0.8872651356993737,
    0.8699186991869918,
    0.8865546218487395,
    0.8723404255319149,
    0.8743509865005192,
    0.8579940417080437
  ],
  "test_recall": [
    0.861568247821878,
    0.7909002904162633,
    0.8344627299128751,
    0.8315585672797676,
    0.8228460793804453,
    0.8121974830590513,
    0.8557599225556631,
    0.8092933204259438,
    0.8344627299128751,
    0.8228460793804453,
    0.8286544046466602,
    0.8170377541142304,
    0.8334946757018393,
    0.8151016456921588,
    0.8363988383349468
  ],
  "test_f1": [
    0.8557692307692307,
    0.8383786557208825,
    0.8496796451453918,
    0.8479763079960513,
    0.8504252126063031,
    0.8457661290322581,
    0.8520481927710843,
    0.8470111448834853,
    0.8555831265508684,
    0.8538422903063787,
    0.8487853247397125,
    0.8503778337531486,
    0.8524752475247525,
    0.843687374749499,
    0.8470588235294118
  ],
  "learning_rate": [
    0.001,
    0.001,
    0.001,
    0.001,
    0.001,
    0.001,
    0.001,
    0.001,
    0.0005,
    0.0005,
    0.0005,
    0.0005,
    0.0005,
    0.0005,
    0.00025
  ],
  "early_stopped_epoch": null
}