{
  "encoder_length": 15,
  "train_accuracy": 0.7711314006024096,
  "val_accuracy": 0.7539734378401916,
  "test_accuracy": 0.7564382365779135,
  "test_precision": 0.7634271099744245,
  "test_recall": 0.7614795918367347,
  "test_f1_score": 0.7624521072796935,
  "train_samples": 21356,
  "val_samples": 4593,
  "test_samples": 4582,
  "train_matches": 21356,
  "val_matches": 4593,
  "test_matches": 4582
}