{
  "train_acc": [
    0.7428934487951807,
    0.7546121987951807,
    0.7564947289156626,
    0.7563064759036144,
    0.7557417168674698,
    0.7593185240963856,
    0.7588949548192772,
    0.7599303463855421,
    0.7593655873493976,
    0.7605421686746988,
    0.7592243975903614,
    0.7633189006024096,
    0.764683734939759,
    0.7649661144578314,
    0.7664250753012049
  ],
  "val_acc": [
    0.7478772044415415,
    0.7515784890050076,
    0.750054430655345,
    0.7535379925974309,
    0.757239277160897,
    0.7583278902677988,
    0.7570215545395167,
    0.757239277160897,
    0.7537557152188112,
    0.7568038319181363,
    0.754844328325713,
    0.7546266057043327,
    0.7537557152188112,
    0.754844328325713,
    0.7539734378401916
  ],
  "test_acc": [
    0.7581841990397207,
    0.7581841990397207,
    0.7577477084242689,
    0.7566564818856395,
    0.75556525534701,
    0.7557835006547359,
    0.75927542557835,
    0.7588389349628983,
    0.7549105194238324,
    0.7560017459624618,
    0.75556525534701,
    0.7603666521169795,
    0.7579659537319947,
    0.75927542557835,
    0.7564382365779135
  ],
  "test_precision": [
    0.7526401299756296,
    0.7482043096568236,
    0.7624683009298394,
    0.7692642577274706,
    0.7610169491525424,
    0.7372066179299731,
    0.7620646244229963,
    0.7541785568691398,
    0.7675228558989987,
    0.7340667678300455,
    0.7590412111017661,
    0.7548780487804878,
    0.7696312364425163,
    0.7692971108236308,
    0.7634271099744245
  ],
  "test_recall": [
    0.7878401360544217,
    0.7971938775510204,
    0.7670068027210885,
    0.7512755102040817,
    0.7636054421768708,
    0.814625850340136,
    0.7721088435374149,
    0.7865646258503401,
    0.7495748299319728,
    0.8227040816326531,
    0.7674319727891157,
    0.7895408163265306,
    0.7542517006802721,
    0.7585034013605442,
    0.7614795918367347
  ],
  "test_f1": [
    0.7698379725799751,
    0.7719226018937835,
    0.764730818143281,
    0.7601634760163476,
    0.7623089983022071,
    0.7739850535245405,
    0.7670538542766632,
    0.7700312174817898,
    0.7584426758442676,
    0.7758620689655172,
    0.7632135306553911,
    0.7718204488778054,
    0.7618638608546274,
    0.7638621280239777,
    0.7624521072796935
  ],
  "learning_rate": [
    0.001,
    0.001,
    0.001,
    0.001,
    0.001,
    0.001,
    0.001,
    0.001,
    0.001,
    0.001,
    0.001,
    0.0005,
    0.0005,
    0.0005,
    0.0005
  ],
  "early_stopped_epoch": null
}