{
  "train_acc": [
    0.6755707335329342,
    0.6909618263473054,
    0.6929266467065869,
    0.6921313622754491,
    0.6947979041916168,
    0.6961545658682635,
    0.6952657185628742,
    0.6945172155688623,
    0.6959674401197605,
    0.6973708832335329,
    0.6976515718562875,
    0.6988678892215568,
    0.6984468562874252,
    0.6973708832335329,
    0.7010198353293413
  ],
  "val_acc": [
    0.6914546640574037,
    0.6875407697325505,
    0.6910197869101978,
    0.6905849097629919,
    0.6918895412046097,
    0.6899325940421831,
    0.6914546640574037,
    0.690150032615786,
    0.6892802783213742,
    0.6923244183518156,
    0.6925418569254186,
    0.6877582083061535,
    0.6899325940421831,
    0.6940639269406392,
    0.6912372254838008
  ],
  "test_acc": [
    0.6892421602787456,
    0.685322299651568,
    0.6894599303135889,
    0.6881533101045296,
    0.6851045296167247,
    0.6868466898954704,
    0.6877177700348432,
    0.6844512195121951,
    0.6859756097560976,
    0.6848867595818815,
    0.6859756097560976,
    0.6829268292682927,
    0.6831445993031359,
    0.6827090592334495,
    0.6879355400696864
  ],
  "test_precision": [
    0.6865492393915132,
    0.7178265014299333,
    0.6947807933194154,
    0.7012592270950934,
    0.681800079649542,
    0.7065948855989233,
    0.6990959965561774,
    0.6748654880860876,
    0.6815841584158416,
    0.6920808761583824,
    0.6916005014625992,
    0.6790955969853233,
    0.6849427168576104,
    0.6767241379310345,
    0.7002595155709342
  ],
  "test_recall": [
    0.7270029673590505,
    0.6384061042814752,
    0.705383637134379,
    0.6846121237812632,
    0.7257312420517168,
    0.6676557863501483,
    0.6884272997032641,
    0.7443832132259431,
    0.7295464179737177,
    0.6964815599830436,
    0.7015684612123781,
    0.7257312420517168,
    0.7096227214921577,
    0.7320898685883849,
    0.6863077575243748
  ],
  "test_f1": [
    0.7061972410953263,
    0.6757908907336774,
    0.7000420698359276,
    0.6928356928356928,
    0.7030800821355236,
    0.6865736704446382,
    0.6937206322084579,
    0.7079217899617013,
    0.7047502047502048,
    0.6942742446651172,
    0.6965488215488216,
    0.7016393442622951,
    0.6970643347907558,
    0.7033190796171859,
    0.6932134446585314
  ],
  "learning_rate": [
    0.001,
    0.001,
    0.001,
    0.001,
    0.001,
    0.001,
    0.001,
    0.001,
    0.001,
    0.001,
    0.001,
    0.001,
    0.001,
    0.001,
    0.001
  ],
  "early_stopped_epoch": null
}