{
  "train_acc": [
    0.7838886589403974,
    0.7953228476821192,
    0.7973923841059603,
    0.7972371688741722,
    0.7984271523178808,
    0.7993584437086093,
    0.8000310430463576,
    0.8004966887417219,
    0.8010658112582781,
    0.8034457781456954,
    0.8019453642384106,
    0.8070157284768212,
    0.8066018211920529,
    0.8074296357615894,
    0.8062913907284768
  ],
  "val_acc": [
    0.7864309603440038,
    0.7945532728141423,
    0.7974199713330148,
    0.7947921643573818,
    0.8005255613951267,
    0.7978977544194935,
    0.7971810797897755,
    0.7995699952221691,
    0.7971810797897755,
    0.7993311036789298,
    0.7976588628762542,
    0.7978977544194935,
    0.8014811275680841,
    0.8010033444816054,
    0.7971810797897755
  ],
  "test_acc": [
    0.7877697841726619,
    0.7925659472422062,
    0.7889688249400479,
    0.7918465227817746,
    0.7935251798561151,
    0.7935251798561151,
    0.7956834532374101,
    0.7968824940047962,
    0.7940047961630695,
    0.7930455635491607,
    0.7942446043165468,
    0.7961630695443646,
    0.7966426858513189,
    0.7896882494004797,
    0.7937649880095923
  ],
  "test_precision": [
    0.7541459369817579,
    0.7701647875108413,
    0.7822099954149473,
    0.7868020304568528,
    0.7893518518518519,
    0.7722125435540069,
    0.8075232046897899,
    0.7808888888888889,
    0.7752858399296394,
    0.7846715328467153,
    0.7926202709014479,
    0.7864606996819627,
    0.7830569251456746,
    0.7819926873857403,
    0.7899860917941586
  ],
  "test_recall": [
    0.861676930364756,
    0.8413074372335386,
    0.808147797252487,
    0.8076740881099005,
    0.8076740881099005,
    0.8398863098057793,
    0.783041212695405,
    0.832306963524396,
    0.8351492183799147,
    0.8147797252486974,
    0.8038844149692089,
    0.8199905258171483,
    0.8275698720985315,
    0.8105163429654192,
    0.8072003789673141
  ],
  "test_f1": [
    0.8043334070307319,
    0.8041657233416346,
    0.7949673811742777,
    0.7971014492753623,
    0.7984078670100679,
    0.8046289993192648,
    0.7950937950937951,
    0.8057784911717496,
    0.8041049030786773,
    0.799442249593307,
    0.7982126058325494,
    0.8028756957328386,
    0.8046982957162598,
    0.7959990695510584,
    0.7985004686035614
  ],
  "learning_rate": [
    0.001,
    0.001,
    0.001,
    0.001,
    0.001,
    0.001,
    0.001,
    0.001,
    0.001,
    0.001,
    0.0005,
    0.0005,
    0.0005,
    0.0005,
    0.0005
  ],
  "early_stopped_epoch": null
}