{
  "train_acc": [
    0.8371147260273972,
    0.8545590753424658,
    0.8555222602739726,
    0.855201198630137,
    0.8601241438356164,
    0.858304794520548,
    0.8608732876712328,
    0.861408390410959,
    0.8632277397260274,
    0.8626926369863014,
    0.8641909246575342,
    0.864619006849315,
    0.8690068493150684,
    0.8699700342465754,
    0.875
  ],
  "val_acc": [
    0.8479763079960513,
    0.8460019743336624,
    0.8440276406712734,
    0.8474827245804541,
    0.8474827245804541,
    0.849457058242843,
    0.8474827245804541,
    0.8474827245804541,
    0.8460019743336624,
    0.8460019743336624,
    0.8450148075024679,
    0.843040473840079,
    0.8400789733464955,
    0.8341559723593287,
    0.8385982230997039
  ],
  "test_acc": [
    0.853418593212002,
    0.8568617806197737,
    0.8509591736350222,
    0.8494835218888342,
    0.8553861288735858,
    0.8588293162813576,
    0.853910477127398,
    0.8563698967043778,
    0.8553861288735858,
    0.8524348253812101,
    0.8558780127889818,
    0.8563698967043778,
    0.852926709296606,
    0.8499754058042303,
    0.8553861288735858
  ],
  "test_precision": [
    0.8642220019821606,
    0.8778004073319755,
    0.8354779411764706,
    0.8645937813440321,
    0.8766564729867482,
    0.8678500986193294,
    0.860078277886497,
    0.8701298701298701,
    0.8489140698772427,
    0.8805815160955348,
    0.8692614770459082,
    0.8485418626528692,
    0.8619329388560157,
    0.8625498007968128,
    0.8647581441263573
  ],
  "test_recall": [
    0.8441432720232332,
    0.8344627299128751,
    0.8799612778315585,
    0.8344627299128751,
    0.8325266214908035,
    0.8518877057115198,
    0.850919651500484,
    0.8431752178121975,
    0.8702807357212003,
    0.8209099709583737,
    0.8431752178121975,
    0.8731848983543078,
    0.846079380445305,
    0.8383349467570184,
    0.8480154888673765
  ],
  "test_f1": [
    0.8540646425073457,
    0.8555831265508684,
    0.8571428571428571,
    0.8492610837438423,
    0.8540218470705064,
    0.8597948216902784,
    0.8554744525547445,
    0.856440511307768,
    0.8594646271510517,
    0.8496993987975952,
    0.856019656019656,
    0.8606870229007634,
    0.8539325842696629,
    0.8502700049091801,
    0.8563049853372434
  ],
  "learning_rate": [
    0.001,
    0.001,
    0.001,
    0.001,
    0.001,
    0.001,
    0.001,
    0.001,
    0.001,
    0.001,
    0.001,
    0.0005,
    0.0005,
    0.0005,
    0.0005
  ],
  "early_stopped_epoch": null
}