{
  "accuracy": 0.7536041939711664,
  "precision": 0.7792706333973128,
  "recall": 0.7495384615384615,
  "f1_score": 0.7641154328732748,
  "test_samples": 6104,
  "test_matches": 6195
}