{
  "loss": 0.49779864079361663,
  "accuracy": 0.7536041939711664,
  "auc": 0.8374080103498464
}