{
  "train_loss": [
    0.5132812826257003,
    0.4984520430627622,
    0.4965444658931933,
    0.4928204955239045,
    0.4920285684497733,
    0.49053819305018376,
    0.4888218525208925,
    0.4881919126761587,
    0.486889374726697,
    0.4878724248785722,
    0.486019849463513,
    0.48470425919482585,
    0.48477566289274315,
    0.48384029551556235,
    0.48251734893572956,
    0.4817974620743802,
    0.47647927685787805,
    0.47581790450372197,
    0.4752752108009238,
    0.4721345915606147,
    0.4715550930876481,
    0.4708048967938674,
    0.46566861334599946,
    0.4627106674407658,
    0.461779806645293
  ],
  "train_accuracy": [
    0.7461348684210526,
    0.7557154605263158,
    0.7546463815789474,
    0.7574013157894737,
    0.7612253289473684,
    0.7608552631578948,
    0.7616776315789474,
    0.7608963815789473,
    0.7626644736842105,
    0.7628700657894737,
    0.7633223684210526,
    0.7638569078947368,
    0.7618421052631579,
    0.7630345394736842,
    0.7640213815789474,
    0.7661184210526316,
    0.769202302631579,
    0.7710115131578947,
    0.769860197368421,
    0.7723273026315789,
    0.7713404605263158,
    0.7721628289473684,
    0.77421875,
    0.7760690789473684,
    0.7784539473684211
  ],
  "train_auc": [
    0.8243808370447051,
    0.8363644246299039,
    0.8377037414073587,
    0.8402997600578996,
    0.8412291462935831,
    0.841874441225285,
    0.8428898053030788,
    0.8435213982045188,
    0.8442179561349683,
    0.8438814147617142,
    0.84511611500165,
    0.8454561338383862,
    0.8458679217579759,
    0.8465152145513894,
    0.8472542278717623,
    0.8481748074425002,
    0.8514314984441759,
    0.851984380270551,
    0.8524892135494768,
    0.8543706993811444,
    0.8548286710595646,
    0.8555314839509887,
    0.8591235349796975,
    0.8608349043972705,
    0.8616853313578022
  ],
  "val_loss": [
    0.4910331523902763,
    0.4915995930625446,
    0.48926366687914646,
    0.4853495255522772,
    0.48968518014660356,
    0.48673371749967925,
    0.4854047561691754,
    0.49133001648739155,
    0.4897843710248155,
    0.4842372124191974,
    0.49161003809300197,
    0.4866329030784367,
    0.49522163546100983,
    0.49099746842528075,
    0.48480996938707943,
    0.4915951091215151,
    0.4867980537220816,
    0.48627021483012606,
    0.4882111000202274,
    0.4897609154643737,
    0.49224573545655914,
    0.4997651930092828,
    0.49262811893873104,
    0.4983753754927009,
    0.49779864079361663
  ],
  "val_accuracy": [
    0.7508191349934469,
    0.7485255570117956,
    0.7549148099606815,
    0.7572083879423329,
    0.7519659239842726,
    0.7570445609436435,
    0.7531127129750983,
    0.7522935779816514,
    0.7549148099606815,
    0.7575360419397117,
    0.752948885976409,
    0.7583551769331586,
    0.7522935779816514,
    0.7493446920052425,
    0.7578636959370905,
    0.7496723460026212,
    0.755570117955439,
    0.7537680209698558,
    0.7518020969855832,
    0.7532765399737876,
    0.7498361730013107,
    0.7490170380078637,
    0.7503276539973788,
    0.7526212319790302,
    0.7536041939711664
  ],
  "val_auc": [
    0.8400107271845183,
    0.8390056600722333,
    0.8421133092555657,
    0.8424939356368929,
    0.843554201929815,
    0.8438775268179612,
    0.8427195838499273,
    0.8432350816667564,
    0.8437455662767506,
    0.8445527464826694,
    0.8423734569564983,
    0.8421699099778988,
    0.8436931162740553,
    0.8413314646110721,
    0.8431378362352434,
    0.8397738666379172,
    0.8414476308554796,
    0.8427497709018381,
    0.8406969974664438,
    0.8405167376421756,
    0.8391103444558246,
    0.8371258692253787,
    0.8391105600776239,
    0.838174222413886,
    0.8374080103498464
  ],
  "learning_rate": [
    0.001,
    0.001,
    0.001,
    0.001,
    0.001,
    0.001,
    0.001,
    0.001,
    0.001,
    0.001,
    0.001,
    0.001,
    0.001,
    0.001,
    0.001,
    0.0005,
    0.0005,
    0.0005,
    0.0005,
    0.0005,
    0.0005,
    0.00025,
    0.00025,
    0.00025,
    0.00025
  ],
  "early_stopped_epoch": 25
}