{
  "encoder_length": 20,
  "train_accuracy": 0.8101200331125827,
  "val_accuracy": 0.8010033444816054,
  "test_accuracy": 0.7940047961630695,
  "test_precision": 0.7757709251101321,
  "test_recall": 0.8342018000947419,
  "test_f1_score": 0.8039260442821273,
  "train_samples": 19342,
  "val_samples": 4186,
  "test_samples": 4170,
  "train_matches": 19342,
  "val_matches": 4186,
  "test_matches": 4170
}