{
  "train_acc": [
    0.7856995033112583,
    0.7952193708609272,
    0.7961506622516556,
    0.796823261589404,
    0.7998240894039735,
    0.800807119205298,
    0.800703642384106,
    0.8005484271523179,
    0.8022557947019867,
    0.8029283940397351,
    0.8033940397350994,
    0.804790976821192,
    0.8042218543046358,
    0.8077400662251656,
    0.8053600993377483
  ],
  "val_acc": [
    0.7926421404682275,
    0.7926421404682275,
    0.7945532728141423,
    0.7978977544194935,
    0.7957477305303392,
    0.7981366459627329,
    0.8002866698518872,
    0.8005255613951267,
    0.8012422360248447,
    0.8019589106545628,
    0.7998088867654085,
    0.8024366937410415,
    0.8029144768275203,
    0.7998088867654085,
    0.8010033444816054
  ],
  "test_acc": [
    0.7882494004796163,
    0.7908872901678657,
    0.7920863309352518,
    0.7925659472422062,
    0.7889688249400479,
    0.7930455635491607,
    0.7949640287769785,
    0.7968824940047962,
    0.7985611510791367,
    0.7954436450839328,
    0.7949640287769785,
    0.7930455635491607,
    0.7940047961630695,
    0.7935251798561151,
    0.7940047961630695
  ],
  "test_precision": [
    0.7610544217687075,
    0.7774294670846394,
    0.7720909886264217,
    0.7829246139872843,
    0.8088309081786252,
    0.765531914893617,
    0.7816143497757847,
    0.7786596119929453,
    0.7919154800183739,
    0.7903970452446907,
    0.7934579439252336,
    0.7805755395683454,
    0.7812219227313567,
    0.788550323176362,
    0.7757709251101321
  ],
  "test_recall": [
    0.8479393652297489,
    0.8223590715300805,
    0.8360966366650876,
    0.8166745618190431,
    0.7636191378493605,
    0.852202747513027,
    0.8256750355281857,
    0.8365703458076741,
    0.8166745618190431,
    0.8109900521080057,
    0.8043581241117953,
    0.8223590715300805,
    0.8237801989578399,
    0.8090952155376598,
    0.8342018000947419
  ],
  "test_f1": [
    0.8021510194936141,
    0.7992633517495396,
    0.8028201046167842,
    0.799443542777649,
    0.7855750487329435,
    0.8065456175745349,
    0.8030407740152039,
    0.806576844028317,
    0.8041044776119403,
    0.8005611409866729,
    0.7988708539167255,
    0.8009227220299885,
    0.8019368226884943,
    0.7986906710310966,
    0.8039260442821273
  ],
  "learning_rate": [
    0.001,
    0.001,
    0.001,
    0.001,
    0.001,
    0.001,
    0.001,
    0.001,
    0.001,
    0.001,
    0.001,
    0.001,
    0.001,
    0.001,
    0.001
  ],
  "early_stopped_epoch": null
}