{
  "10min": {
    "train_accuracy": {
      "mean": 0.7031764595808383,
      "std": 0.0018011096312226546,
      "variance": 3.2439959036830066e-06,
      "min": 0.6999906437125748,
      "max": 0.7071949850299402,
      "n_seeds": 10
    },
    "val_accuracy": {
      "mean": 0.6891280713198521,
      "std": 0.001568122612055043,
      "variance": 2.4590085264383314e-06,
      "min": 0.6858012611437269,
      "max": 0.6918895412046097,
      "n_seeds": 10
    },
    "test_accuracy": {
      "mean": 0.684102787456446,
      "std": 0.001638927501936109,
      "variance": 2.686083356602535e-06,
      "min": 0.6820557491289199,
      "max": 0.6866289198606271,
      "n_seeds": 10
    },
    "test_precision": {
      "mean": 0.6886973503852296,
      "std": 0.009783695617635165,
      "variance": 9.572069993853354e-05,
      "min": 0.6760343481654957,
      "max": 0.7119590507212658,
      "n_seeds": 10
    },
    "test_recall": {
      "mean": 0.703984739296312,
      "std": 0.024800672373463232,
      "variance": 0.0006150733501758624,
      "min": 0.6485799067401441,
      "max": 0.7342094107672743,
      "n_seeds": 10
    },
    "test_f1_score": {
      "mean": 0.6958315051790628,
      "std": 0.0078007302542951774,
      "variance": 6.08513925002761e-05,
      "min": 0.678793256433008,
      "max": 0.7039219670798618,
      "n_seeds": 10
    },
    "encoder_length": 10,
    "train_samples": 21405,
    "val_samples": 4599,
    "test_samples": 4592,
    "train_matches": 21405,
    "val_matches": 4599,
    "test_matches": 4592
  },
  "15min": {
    "train_accuracy": {
      "mean": 0.7694371234939759,
      "std": 0.0013751814882567918,
      "variance": 1.891124125644165e-06,
      "min": 0.7677428463855421,
      "max": 0.7722609186746988,
      "n_seeds": 10
    },
    "val_accuracy": {
      "mean": 0.7550402786849554,
      "std": 0.0030316653488797647,
      "variance": 9.190994787598266e-06,
      "min": 0.7496189854125843,
      "max": 0.7609405617243632,
      "n_seeds": 10
    },
    "test_accuracy": {
      "mean": 0.7539065910082934,
      "std": 0.003137271554092788,
      "variance": 9.842472804119777e-06,
      "min": 0.7503273679615888,
      "max": 0.761239633347883,
      "n_seeds": 10
    },
    "test_precision": {
      "mean": 0.7612776674800108,
      "std": 0.006575110795681232,
      "variance": 4.323208197548389e-05,
      "min": 0.7442424242424243,
      "max": 0.768522577816747,
      "n_seeds": 10
    },
    "test_recall": {
      "mean": 0.7586309523809524,
      "std": 0.010165121911715161,
      "variance": 0.0001033297034800317,
      "min": 0.7453231292517006,
      "max": 0.7831632653061225,
      "n_seeds": 10
    },
    "test_f1_score": {
      "mean": 0.75987211604432,
      "std": 0.003495337207054007,
      "variance": 1.2217382191016108e-05,
      "min": 0.7552417629439452,
      "max": 0.768122085629504,
      "n_seeds": 10
    },
    "encoder_length": 15,
    "train_samples": 21356,
    "val_samples": 4593,
    "test_samples": 4582,
    "train_matches": 21356,
    "val_matches": 4593,
    "test_matches": 4582
  },
  "20min": {
    "train_accuracy": {
      "mean": 0.8109271523178808,
      "std": 0.002452116848640015,
      "variance": 6.012877039384239e-06,
      "min": 0.8071709437086093,
      "max": 0.8157077814569537,
      "n_seeds": 10
    },
    "val_accuracy": {
      "mean": 0.7963927376970855,
      "std": 0.0027447588339641685,
      "variance": 7.533701056624342e-06,
      "min": 0.792403248924988,
      "max": 0.8014811275680841,
      "n_seeds": 10
    },
    "test_accuracy": {
      "mean": 0.7924220623501199,
      "std": 0.003312826175410852,
      "variance": 1.0974817268487295e-05,
      "min": 0.786810551558753,
      "max": 0.797841726618705,
      "n_seeds": 10
    },
    "test_precision": {
      "mean": 0.7796843013085463,
      "std": 0.009142745631661385,
      "variance": 8.358979768526334e-05,
      "min": 0.7669654289372599,
      "max": 0.7994186046511628,
      "n_seeds": 10
    },
    "test_recall": {
      "mean": 0.8229275225011843,
      "std": 0.021353513499715947,
      "variance": 0.00045597253878255125,
      "min": 0.7816200852676457,
      "max": 0.8512553292278541,
      "n_seeds": 10
    },
    "test_f1_score": {
      "mean": 0.8004479635329661,
      "std": 0.006168906430648439,
      "variance": 3.805540655009566e-05,
      "min": 0.7904191616766467,
      "max": 0.8089734874235214,
      "n_seeds": 10
    },
    "encoder_length": 20,
    "train_samples": 19342,
    "val_samples": 4186,
    "test_samples": 4170,
    "train_matches": 19342,
    "val_matches": 4186,
    "test_matches": 4170
  },
  "25min": {
    "train_accuracy": {
      "mean": 0.8597408234126984,
      "std": 0.001388515153974781,
      "variance": 1.9279743328176096e-06,
      "min": 0.8576388888888888,
      "max": 0.8617931547619048,
      "n_seeds": 10
    },
    "val_accuracy": {
      "mean": 0.8492009132420092,
      "std": 0.001872285327266749,
      "variance": 3.5054523466983578e-06,
      "min": 0.846175799086758,
      "max": 0.8518835616438356,
      "n_seeds": 10
    },
    "test_accuracy": {
      "mean": 0.8444316546762589,
      "std": 0.0020719424460431844,
      "variance": 4.292945499715414e-06,
      "min": 0.8394244604316546,
      "max": 0.8471942446043166,
      "n_seeds": 10
    },
    "test_precision": {
      "mean": 0.8430623664084456,
      "std": 0.009192989516977163,
      "variance": 8.451105625925201e-05,
      "min": 0.8287262872628727,
      "max": 0.8556338028169014,
      "n_seeds": 10
    },
    "test_recall": {
      "mean": 0.8501996577296064,
      "std": 0.015983208941107198,
      "variance": 0.0002554629680550891,
      "min": 0.8214489446662864,
      "max": 0.8727895037079293,
      "n_seeds": 10
    },
    "test_f1_score": {
      "mean": 0.8464326248014264,
      "std": 0.0037710083353731903,
      "variance": 1.4220503865454081e-05,
      "min": 0.837696335078534,
      "max": 0.8504724847137298,
      "n_seeds": 10
    },
    "encoder_length": 25,
    "train_samples": 16196,
    "val_samples": 3504,
    "test_samples": 3475,
    "train_matches": 16196,
    "val_matches": 3504,
    "test_matches": 3475
  },
  "30min": {
    "train_accuracy": {
      "mean": 0.8783818493150685,
      "std": 0.0029097782910052373,
      "variance": 8.46680970280536e-06,
      "min": 0.8738227739726028,
      "max": 0.8837756849315068,
      "n_seeds": 10
    },
    "val_accuracy": {
      "mean": 0.8439289239881541,
      "std": 0.002126422431247588,
      "variance": 4.521672356112903e-06,
      "min": 0.8390918065153011,
      "max": 0.8464955577492597,
      "n_seeds": 10
    },
    "test_accuracy": {
      "mean": 0.8476635514018691,
      "std": 0.004738708648942972,
      "variance": 2.245535965956692e-05,
      "min": 0.8401377274963109,
      "max": 0.853910477127398,
      "n_seeds": 10
    },
    "test_precision": {
      "mean": 0.8679794055356516,
      "std": 0.008074634176670335,
      "variance": 6.519971708705263e-05,
      "min": 0.8579940417080437,
      "max": 0.8881856540084389,
      "n_seeds": 10
    },
    "test_recall": {
      "mean": 0.8259438528557599,
      "std": 0.009917714210931792,
      "variance": 9.83610551697184e-05,
      "min": 0.8151016456921588,
      "max": 0.8422071636011617,
      "n_seeds": 10
    },
    "test_f1_score": {
      "mean": 0.8463725786400987,
      "std": 0.005046363480267181,
      "variance": 2.5465784374974295e-05,
      "min": 0.8383888612630532,
      "max": 0.853359489946052,
      "n_seeds": 10
    },
    "encoder_length": 30,
    "train_samples": 9431,
    "val_samples": 2026,
    "test_samples": 2033,
    "train_matches": 9431,
    "val_matches": 2026,
    "test_matches": 2033
  }
}