{
  "10min": {
    "encoder_length": 10,
    "train_accuracy": 0.7061190119760479,
    "val_accuracy": 0.6912372254838008,
    "test_accuracy": 0.6879355400696864,
    "test_precision": 0.7002595155709342,
    "test_recall": 0.6863077575243748,
    "test_f1_score": 0.6932134446585314,
    "train_samples": 21405,
    "val_samples": 4599,
    "test_samples": 4592,
    "train_matches": 21405,
    "val_matches": 4599,
    "test_matches": 4592
  },
  "15min": {
    "encoder_length": 15,
    "train_accuracy": 0.7711314006024096,
    "val_accuracy": 0.7539734378401916,
    "test_accuracy": 0.7564382365779135,
    "test_precision": 0.7634271099744245,
    "test_recall": 0.7614795918367347,
    "test_f1_score": 0.7624521072796935,
    "train_samples": 21356,
    "val_samples": 4593,
    "test_samples": 4582,
    "train_matches": 21356,
    "val_matches": 4593,
    "test_matches": 4582
  },
  "20min": {
    "encoder_length": 20,
    "train_accuracy": 0.8101200331125827,
    "val_accuracy": 0.8010033444816054,
    "test_accuracy": 0.7940047961630695,
    "test_precision": 0.7757709251101321,
    "test_recall": 0.8342018000947419,
    "test_f1_score": 0.8039260442821273,
    "train_samples": 19342,
    "val_samples": 4186,
    "test_samples": 4170,
    "train_matches": 19342,
    "val_matches": 4186,
    "test_matches": 4170
  },
  "25min": {
    "encoder_length": 25,
    "train_accuracy": 0.8592509920634921,
    "val_accuracy": 0.8504566210045662,
    "test_accuracy": 0.8460431654676259,
    "test_precision": 0.8357221609702316,
    "test_recall": 0.8648031945236737,
    "test_f1_score": 0.8500140173815531,
    "train_samples": 16196,
    "val_samples": 3504,
    "test_samples": 3475,
    "train_matches": 16196,
    "val_matches": 3504,
    "test_matches": 3475
  },
  "30min": {
    "encoder_length": 30,
    "train_accuracy": 0.8840967465753424,
    "val_accuracy": 0.8474827245804541,
    "test_accuracy": 0.8558780127889818,
    "test_precision": 0.8707414829659319,
    "test_recall": 0.8412391093901258,
    "test_f1_score": 0.8557360905957656,
    "train_samples": 9431,
    "val_samples": 2026,
    "test_samples": 2033,
    "train_matches": 9431,
    "val_matches": 2026,
    "test_matches": 2033
  }
}