{
  "train_rmse": [
    4215.418305604803,
    4205.2907152776015,
    4204.067783685768,
    4201.91991206025,
    4194.38871610088,
    4189.40345583825,
    4184.20522122581,
    4174.866439716807,
    4173.75306308111,
    4161.139686579636,
    4166.701387925507,
    4156.807652471921,
    4147.931152044988,
    4149.99435002786,
    4144.154068970943,
    4140.407705155651,
    4141.486443888508,
    4136.180115440867,
    4127.954505988259,
    4135.609041042308,
    4126.117898494988,
    4123.658537857143,
    4123.508259773594,
    4117.007629888655,
    4122.35352851197,
    4122.867925343299,
    4112.362647415674,
    4109.239179164307,
    4104.605842563573,
    4104.997157936491
  ],
  "val_rmse": [
    4289.855796606184,
    4283.1848119095885,
    4279.672790220223,
    4275.745225262065,
    4272.366143207019,
    4268.772527921245,
    4265.214495287524,
    4261.817953168102,
    4258.60161720418,
    4255.579741621263,
    4252.404127142732,
    4249.237368650419,
    4246.327941276423,
    4243.709382896817,
    4241.801445459547,
    4238.816791179962,
    4236.523376926326,
    4235.279537792428,
    4233.09759102423,
    4230.295435596955,
    4228.211573243244,
    4226.374193663508,
    4224.771020310338,
    4222.681003241321,
    4221.467117714639,
    4219.474393423517,
    4216.490644561621,
    4215.96674700974,
    4213.390691336117,
    4212.139435976462
  ],
  "learning_rate": [
    0.001,
    0.001,
    0.001,
    0.001,
    0.001,
    0.001,
    0.001,
    0.001,
    0.001,
    0.001,
    0.001,
    0.001,
    0.001,
    0.001,
    0.001,
    0.001,
    0.001,
    0.001,
    0.001,
    0.001,
    0.001,
    0.001,
    0.001,
    0.001,
    0.001,
    0.001,
    0.001,
    0.001,
    0.001,
    0.001
  ]
}