{
  "encoder_length": 15,
  "seed": 2021,
  "train_accuracy": 0.7699077560240963,
  "val_accuracy": 0.754191160461572,
  "test_accuracy": 0.7560017459624618,
  "test_precision": 0.7657192075796727,
  "test_recall": 0.7559523809523809,
  "test_f1_score": 0.7608044501497646,
  "train_samples": 21356,
  "val_samples": 4593,
  "test_samples": 4582,
  "train_matches": 21356,
  "val_matches": 4593,
  "test_matches": 4582
}