{
  "encoder_length": 15,
  "seed": 123,
  "train_accuracy": 0.7692488704819277,
  "val_accuracy": 0.7526671021119095,
  "test_accuracy": 0.7529463116542995,
  "test_precision": 0.7613538988860326,
  "test_recall": 0.7555272108843537,
  "test_f1_score": 0.7584293640631669,
  "train_samples": 21356,
  "val_samples": 4593,
  "test_samples": 4582,
  "train_matches": 21356,
  "val_matches": 4593,
  "test_matches": 4582
}