{
  "encoder_length": 15,
  "seed": 1213,
  "train_accuracy": 0.7704254518072289,
  "val_accuracy": 0.7554974961898542,
  "test_accuracy": 0.7546922741161065,
  "test_precision": 0.7641996557659209,
  "test_recall": 0.7551020408163265,
  "test_f1_score": 0.7596236099230111,
  "train_samples": 21356,
  "val_samples": 4593,
  "test_samples": 4582,
  "train_matches": 21356,
  "val_matches": 4593,
  "test_matches": 4582
}