{
  "train_acc": [
    0.7448701054216867,
    0.7536709337349398,
    0.7545651355421686,
    0.7563064759036144,
    0.7573418674698795,
    0.7620011295180723,
    0.759789156626506,
    0.7615304969879518,
    0.7633189006024096,
    0.7598832831325302,
    0.7639307228915663,
    0.7640248493975904,
    0.7633659638554217,
    0.7652955572289156,
    0.7651543674698795
  ],
  "val_acc": [
    0.7491835401698237,
    0.7483126496843022,
    0.7489658175484433,
    0.7511430437622469,
    0.7559329414326148,
    0.7491835401698237,
    0.7559329414326148,
    0.7581101676464185,
    0.754191160461572,
    0.7570215545395167,
    0.7574569997822774,
    0.7585456128891792,
    0.7544088830829523,
    0.7568038319181363,
    0.7537557152188112
  ],
  "test_acc": [
    0.7527280663465735,
    0.7562199912701877,
    0.7577477084242689,
    0.761239633347883,
    0.7529463116542995,
    0.753601047577477,
    0.757529463116543,
    0.7586206896551724,
    0.7564382365779135,
    0.7549105194238324,
    0.7621126145787865,
    0.7551287647315583,
    0.7529463116542995,
    0.7531645569620253,
    0.75556525534701
  ],
  "test_precision": [
    0.7579348286077021,
    0.7787810383747178,
    0.771891418563923,
    0.7701890034364262,
    0.7576013513513513,
    0.7250644092749355,
    0.7639302424500213,
    0.7608877721943048,
    0.7566445182724253,
    0.7476823861346231,
    0.7534136546184739,
    0.7706866197183099,
    0.7752707581227437,
    0.7370873786407767,
    0.765746333045729
  ],
  "test_recall": [
    0.7614795918367347,
    0.7334183673469388,
    0.7495748299319728,
    0.7623299319727891,
    0.7627551020408163,
    0.8375850340136054,
    0.7636054421768708,
    0.7725340136054422,
    0.7746598639455783,
    0.7886904761904762,
    0.7976190476190477,
    0.7444727891156463,
    0.7304421768707483,
    0.8069727891156463,
    0.7546768707482994
  ],
  "test_f1": [
    0.7597030752916225,
    0.7554193124589446,
    0.7605694564279551,
    0.7662393162393163,
    0.7601694915254237,
    0.7772736239889525,
    0.7637678077822666,
    0.7666666666666667,
    0.7655462184873949,
    0.7676391475274157,
    0.7748864105741429,
    0.7573529411764706,
    0.7521891418563923,
    0.7704485488126649,
    0.7601713062098501
  ],
  "learning_rate": [
    0.001,
    0.001,
    0.001,
    0.001,
    0.001,
    0.001,
    0.001,
    0.001,
    0.001,
    0.001,
    0.001,
    0.001,
    0.001,
    0.001,
    0.001
  ],
  "early_stopped_epoch": null
}