{
  "train_acc": [
    0.7384224397590361,
    0.7540945030120482,
    0.7559299698795181,
    0.7559299698795181,
    0.7551769578313253,
    0.7557887801204819,
    0.7571065512048193,
    0.7586125753012049,
    0.7582831325301205,
    0.7602597891566265,
    0.7620011295180723,
    0.7608245481927711,
    0.7619070030120482,
    0.7659544427710844,
    0.7639307228915663
  ],
  "val_acc": [
    0.7504898758981058,
    0.7502721532767255,
    0.7522316568691487,
    0.750054430655345,
    0.7491835401698237,
    0.7465708687132593,
    0.7515784890050076,
    0.7533202699760505,
    0.7559329414326148,
    0.7574569997822774,
    0.7587633355105595,
    0.7570215545395167,
    0.757239277160897,
    0.7539734378401916,
    0.754191160461572
  ],
  "test_acc": [
    0.7529463116542995,
    0.7507638585770406,
    0.7573112178088172,
    0.7597119161938019,
    0.7553470100392842,
    0.7553470100392842,
    0.759493670886076,
    0.7542557835006547,
    0.757529463116543,
    0.759493670886076,
    0.7553470100392842,
    0.7522915757311218,
    0.7577477084242689,
    0.7551287647315583,
    0.7560017459624618
  ],
  "test_precision": [
    0.7524834437086093,
    0.7660510114335972,
    0.7538902538902539,
    0.770194384449244,
    0.7474869320466425,
    0.7724656927844179,
    0.7661839863713799,
    0.7390795631825273,
    0.7481007596961216,
    0.7748460861917327,
    0.7511219910240718,
    0.7764652430713312,
    0.7667525773195877,
    0.7718832891246684,
    0.7657192075796727
  ],
  "test_recall": [
    0.7729591836734694,
    0.7406462585034014,
    0.7827380952380952,
    0.7580782312925171,
    0.7903911564625851,
    0.7419217687074829,
    0.7648809523809523,
    0.8056972789115646,
    0.7954931972789115,
    0.7491496598639455,
    0.7827380952380952,
    0.7266156462585034,
    0.7589285714285714,
    0.7423469387755102,
    0.7559523809523809
  ],
  "test_f1": [
    0.7625838926174496,
    0.753134457414613,
    0.7680433875677931,
    0.7640882794086137,
    0.7683405662326928,
    0.7568857080893515,
    0.765531914893617,
    0.7709519934906428,
    0.7710694415825263,
    0.7617812364894077,
    0.7666042057047678,
    0.7507138150669888,
    0.7628205128205128,
    0.7568270481144344,
    0.7608044501497646
  ],
  "learning_rate": [
    0.001,
    0.001,
    0.001,
    0.001,
    0.001,
    0.001,
    0.001,
    0.001,
    0.001,
    0.001,
    0.001,
    0.001,
    0.001,
    0.001,
    0.001
  ],
  "early_stopped_epoch": null
}