{
  "train_acc": [
    0.7421404367469879,
    0.7543768825301205,
    0.7536709337349398,
    0.7562594126506024,
    0.7553652108433735,
    0.7586596385542169,
    0.760777484939759,
    0.7622364457831325,
    0.7634600903614458,
    0.7620011295180723,
    0.7643072289156626,
    0.7621423192771084,
    0.7623776355421686,
    0.7639307228915663,
    0.7662368222891566
  ],
  "val_acc": [
    0.7535379925974309,
    0.7511430437622469,
    0.7533202699760505,
    0.7550620509470934,
    0.7559329414326148,
    0.748748094927063,
    0.7546266057043327,
    0.7591987807533203,
    0.7563683866753755,
    0.7557152188112345,
    0.7528848247332898,
    0.7561506640539952,
    0.7533202699760505,
    0.7496189854125843,
    0.7496189854125843
  ],
  "test_acc": [
    0.7584024443474465,
    0.7533828022697512,
    0.7549105194238324,
    0.7568747271933653,
    0.7588389349628983,
    0.7503273679615888,
    0.7562199912701877,
    0.753601047577477,
    0.757529463116543,
    0.753601047577477,
    0.7531645569620253,
    0.7540375381929288,
    0.7527280663465735,
    0.750109122653863,
    0.7505456132693147
  ],
  "test_precision": [
    0.7603513174404015,
    0.7620068610634648,
    0.7435592548553309,
    0.7596476510067114,
    0.7677114641477029,
    0.7909441233140655,
    0.7540106951871658,
    0.76529284164859,
    0.7603860679815359,
    0.7318923018581721,
    0.76011930123562,
    0.7421905891656781,
    0.7480667480667481,
    0.7450263905805927,
    0.7442424242424243
  ],
  "test_recall": [
    0.7729591836734694,
    0.7555272108843537,
    0.7976190476190477,
    0.7699829931972789,
    0.7602040816326531,
    0.6981292517006803,
    0.7793367346938775,
    0.75,
    0.7704081632653061,
    0.8205782312925171,
    0.7585034013605442,
    0.7980442176870748,
    0.7814625850340136,
    0.780187074829932,
    0.7831632653061225
  ],
  "test_f1": [
    0.7666034155597723,
    0.7587532023911187,
    0.7696410256410257,
    0.7647804054054054,
    0.7639393292031618,
    0.7416440831074977,
    0.7664645619903826,
    0.757569250590509,
    0.7653643083421331,
    0.7737021447183804,
    0.7593104915939561,
    0.7691046916615447,
    0.7644000831773757,
    0.7622014537902388,
    0.7632069608452455
  ],
  "learning_rate": [
    0.001,
    0.001,
    0.001,
    0.001,
    0.001,
    0.001,
    0.001,
    0.001,
    0.001,
    0.001,
    0.001,
    0.001,
    0.001,
    0.0005,
    0.0005
  ],
  "early_stopped_epoch": null
}