{
  "train_acc": [
    0.7420463102409639,
    0.7557887801204819,
    0.7551298945783133,
    0.7557887801204819,
    0.7571065512048193,
    0.7585655120481928,
    0.758753765060241,
    0.7581890060240963,
    0.7591773343373494,
    0.7604480421686747,
    0.7602127259036144,
    0.7639777861445783,
    0.7623305722891566,
    0.7638836596385542,
    0.7654367469879518
  ],
  "val_acc": [
    0.7491835401698237,
    0.74700631395602,
    0.7502721532767255,
    0.7561506640539952,
    0.7533202699760505,
    0.7504898758981058,
    0.7515784890050076,
    0.7550620509470934,
    0.7504898758981058,
    0.7635532331809275,
    0.7568038319181363,
    0.7557152188112345,
    0.7594165033747007,
    0.7546266057043327,
    0.7526671021119095
  ],
  "test_acc": [
    0.7520733304233959,
    0.7514185945002182,
    0.7560017459624618,
    0.753601047577477,
    0.7542557835006547,
    0.7568747271933653,
    0.7577477084242689,
    0.7597119161938019,
    0.7577477084242689,
    0.7551287647315583,
    0.757529463116543,
    0.7553470100392842,
    0.7551287647315583,
    0.7573112178088172,
    0.7529463116542995
  ],
  "test_precision": [
    0.7565400843881857,
    0.7613097802671263,
    0.7514262428687857,
    0.7445021991203519,
    0.7398278560250391,
    0.7652099400171379,
    0.7549261083743842,
    0.7489056904098687,
    0.7493975903614458,
    0.7485852869846402,
    0.756935817805383,
    0.7507128309572302,
    0.7423167848699763,
    0.748,
    0.7613538988860326
  ],
  "test_recall": [
    0.7623299319727891,
    0.7512755102040817,
    0.7840136054421769,
    0.7916666666666666,
    0.8039965986394558,
    0.7593537414965986,
    0.7818877551020408,
    0.8001700680272109,
    0.7933673469387755,
    0.7874149659863946,
    0.7772108843537415,
    0.7835884353741497,
    0.8010204081632653,
    0.7950680272108843,
    0.7555272108843537
  ],
  "test_f1": [
    0.759423972892842,
    0.7562593622940296,
    0.7673741156887224,
    0.7673603956315681,
    0.7705786471067645,
    0.7622705932565087,
    0.768170426065163,
    0.7736896197327852,
    0.7707558859975217,
    0.7675093244923332,
    0.7669393748688903,
    0.766798418972332,
    0.7705521472392638,
    0.7708161582852432,
    0.7584293640631669
  ],
  "learning_rate": [
    0.001,
    0.001,
    0.001,
    0.001,
    0.001,
    0.001,
    0.001,
    0.001,
    0.001,
    0.001,
    0.001,
    0.001,
    0.001,
    0.001,
    0.001
  ],
  "early_stopped_epoch": null
}