{
  "train_acc": [
    0.7382341867469879,
    0.7550357680722891,
    0.755882906626506,
    0.756871234939759,
    0.7560711596385542,
    0.7569182981927711,
    0.7576242469879518,
    0.7604951054216867,
    0.7611539909638554,
    0.7618599397590361,
    0.7628482680722891,
    0.7622835090361446,
    0.7630835843373494,
    0.7639307228915663,
    0.7649190512048193
  ],
  "val_acc": [
    0.748748094927063,
    0.7496189854125843,
    0.7504898758981058,
    0.7557152188112345,
    0.7552797735684738,
    0.7550620509470934,
    0.7544088830829523,
    0.757892445025038,
    0.7552797735684738,
    0.7581101676464185,
    0.754191160461572,
    0.7535379925974309,
    0.7591987807533203,
    0.7537557152188112,
    0.7550620509470934
  ],
  "test_acc": [
    0.75556525534701,
    0.7573112178088172,
    0.7540375381929288,
    0.7551287647315583,
    0.7586206896551724,
    0.7590571802706242,
    0.753819292885203,
    0.7568747271933653,
    0.7577477084242689,
    0.75556525534701,
    0.7542557835006547,
    0.753601047577477,
    0.7551287647315583,
    0.7549105194238324,
    0.7503273679615888
  ],
  "test_precision": [
    0.7502030869212023,
    0.7636054421768708,
    0.7408572552103815,
    0.7463942307692307,
    0.7528409090909091,
    0.7555282555282555,
    0.7593220338983051,
    0.761402027027027,
    0.7530562347188264,
    0.7522522522522522,
    0.7606292517006803,
    0.7382158161277756,
    0.7571070234113713,
    0.7511238250919493,
    0.760120585701981
  ],
  "test_recall": [
    0.7852891156462585,
    0.7636054421768708,
    0.8010204081632653,
    0.7920918367346939,
    0.7886904761904762,
    0.7844387755102041,
    0.7619047619047619,
    0.7665816326530612,
    0.7857142857142857,
    0.7810374149659864,
    0.7606292517006803,
    0.8056972789115646,
    0.7699829931972789,
    0.7814625850340136,
    0.7504251700680272
  ],
  "test_f1": [
    0.76734524304113,
    0.7636054421768708,
    0.7697650663942799,
    0.7685643564356436,
    0.7703488372093024,
    0.769712140175219,
    0.7606112054329371,
    0.7639830508474577,
    0.7690387016229713,
    0.7663746349603672,
    0.7606292517006803,
    0.7704818052449685,
    0.7634907251264755,
    0.7659929151906647,
    0.7552417629439452
  ],
  "learning_rate": [
    0.001,
    0.001,
    0.001,
    0.001,
    0.001,
    0.001,
    0.001,
    0.001,
    0.001,
    0.001,
    0.001,
    0.001,
    0.001,
    0.001,
    0.001
  ],
  "early_stopped_epoch": null
}