{
  "train_acc": [
    0.7439288403614458,
    0.7551298945783133,
    0.7570594879518072,
    0.7556005271084337,
    0.7577654367469879,
    0.759742093373494,
    0.7606833584337349,
    0.7611069277108434,
    0.7626129518072289,
    0.7606833584337349,
    0.7641189759036144,
    0.7614363704819277,
    0.7649661144578314,
    0.7635542168674698,
    0.7634600903614458
  ],
  "val_acc": [
    0.7522316568691487,
    0.750054430655345,
    0.757892445025038,
    0.7546266057043327,
    0.7587633355105595,
    0.757239277160897,
    0.7561506640539952,
    0.7563683866753755,
    0.7585456128891792,
    0.7583278902677988,
    0.7591987807533203,
    0.7522316568691487,
    0.7520139342477683,
    0.7587633355105595,
    0.7546266057043327
  ],
  "test_acc": [
    0.7522915757311218,
    0.7586206896551724,
    0.7542557835006547,
    0.7546922741161065,
    0.7527280663465735,
    0.753601047577477,
    0.7560017459624618,
    0.7557835006547359,
    0.7549105194238324,
    0.75556525534701,
    0.75185508511567,
    0.7560017459624618,
    0.7516368398079442,
    0.753819292885203,
    0.7505456132693147
  ],
  "test_precision": [
    0.7484687627603104,
    0.7591514143094842,
    0.7477768795472919,
    0.7452076677316294,
    0.7456670697299476,
    0.7616602481814292,
    0.7594617325483599,
    0.7478890229191797,
    0.7585191417753471,
    0.7516339869281046,
    0.7509293680297398,
    0.7384080370942813,
    0.7253155159613957,
    0.7481751824817519,
    0.7571246278179498
  ],
  "test_recall": [
    0.7793367346938775,
    0.7759353741496599,
    0.7865646258503401,
    0.7933673469387755,
    0.7865646258503401,
    0.7568027210884354,
    0.7678571428571429,
    0.7908163265306123,
    0.7665816326530612,
    0.782312925170068,
    0.7729591836734694,
    0.8125,
    0.83078231292517,
    0.7844387755102041,
    0.7568027210884354
  ],
  "test_f1": [
    0.7635909185586336,
    0.7674516400336417,
    0.7666804807293826,
    0.7685337726523888,
    0.7655700393130561,
    0.7592237150778418,
    0.7636363636363637,
    0.768753874767514,
    0.7625290759145696,
    0.7666666666666667,
    0.7617850408548082,
    0.7736842105263158,
    0.7744748315497424,
    0.7658779576587795,
    0.7569636402296407
  ],
  "learning_rate": [
    0.001,
    0.001,
    0.001,
    0.001,
    0.001,
    0.001,
    0.001,
    0.001,
    0.001,
    0.001,
    0.001,
    0.001,
    0.001,
    0.001,
    0.001
  ],
  "early_stopped_epoch": null
}