{
  "train_acc": [
    0.739222515060241,
    0.7536238704819277,
    0.755835843373494,
    0.7578125,
    0.7584713855421686,
    0.7584243222891566,
    0.7577654367469879,
    0.7605421686746988,
    0.760777484939759,
    0.7620952560240963,
    0.7621893825301205,
    0.7629423945783133,
    0.7650131777108434,
    0.7654838102409639,
    0.7653426204819277
  ],
  "val_acc": [
    0.7511430437622469,
    0.7448290877422165,
    0.7504898758981058,
    0.754844328325713,
    0.756586109296756,
    0.7594165033747007,
    0.7561506640539952,
    0.756586109296756,
    0.7546266057043327,
    0.7570215545395167,
    0.7585456128891792,
    0.7557152188112345,
    0.7563683866753755,
    0.7583278902677988,
    0.7594165033747007
  ],
  "test_acc": [
    0.7531645569620253,
    0.7540375381929288,
    0.7584024443474465,
    0.7566564818856395,
    0.7529463116542995,
    0.7494543867306853,
    0.7566564818856395,
    0.7546922741161065,
    0.7531645569620253,
    0.7577477084242689,
    0.7599301615015277,
    0.7601484068092536,
    0.7581841990397207,
    0.7581841990397207,
    0.7540375381929288
  ],
  "test_precision": [
    0.759235668789809,
    0.7929220468675275,
    0.7564894932014833,
    0.756319933692499,
    0.7333588370313695,
    0.7726449275362319,
    0.7333081855903433,
    0.7599491955969517,
    0.7544810337640684,
    0.7624683009298394,
    0.763246425567704,
    0.7611504793664027,
    0.7510088781275222,
    0.768334771354616,
    0.768522577816747
  ],
  "test_recall": [
    0.7602040816326531,
    0.7049319727891157,
    0.7806122448979592,
    0.7759353741496599,
    0.8150510204081632,
    0.7253401360544217,
    0.826530612244898,
    0.7631802721088435,
    0.7695578231292517,
    0.7670068027210885,
    0.7716836734693877,
    0.7763605442176871,
    0.7912414965986394,
    0.7572278911564626,
    0.7453231292517006
  ],
  "test_f1": [
    0.7597195666029318,
    0.746342561332433,
    0.768361581920904,
    0.7660020986358866,
    0.7720499395892066,
    0.7482456140350877,
    0.7771337197681392,
    0.7615613067458634,
    0.7619448537150074,
    0.764730818143281,
    0.7674418604651163,
    0.768680277836245,
    0.770600414078675,
    0.7627408993576017,
    0.7567450895747896
  ],
  "learning_rate": [
    0.001,
    0.001,
    0.001,
    0.001,
    0.001,
    0.001,
    0.001,
    0.001,
    0.001,
    0.001,
    0.001,
    0.0005,
    0.0005,
    0.0005,
    0.0005
  ],
  "early_stopped_epoch": null
}