{
  "train_acc": [
    0.7457643072289156,
    0.75390625,
    0.7545651355421686,
    0.7556005271084337,
    0.7576242469879518,
    0.7582360692771084,
    0.7576713102409639,
    0.7595067771084337,
    0.7595538403614458,
    0.760730421686747,
    0.7631777108433735,
    0.7631777108433735,
    0.7620011295180723,
    0.7628012048192772,
    0.7624717620481928
  ],
  "val_acc": [
    0.7496189854125843,
    0.7526671021119095,
    0.7502721532767255,
    0.7533202699760505,
    0.7489658175484433,
    0.7507075985194862,
    0.7533202699760505,
    0.7520139342477683,
    0.7467885913346397,
    0.7544088830829523,
    0.7544088830829523,
    0.754844328325713,
    0.7576747224036577,
    0.7576747224036577,
    0.7609405617243632
  ],
  "test_acc": [
    0.7540375381929288,
    0.7581841990397207,
    0.7577477084242689,
    0.7603666521169795,
    0.7577477084242689,
    0.7560017459624618,
    0.7566564818856395,
    0.7529463116542995,
    0.7529463116542995,
    0.7577477084242689,
    0.7553470100392842,
    0.7551287647315583,
    0.7560017459624618,
    0.7590571802706242,
    0.761239633347883
  ],
  "test_precision": [
    0.7523691800576844,
    0.749198717948718,
    0.7526444263628966,
    0.7663551401869159,
    0.7875,
    0.7682608695652174,
    0.7537956503898235,
    0.7265973254086181,
    0.7399685287175453,
    0.7638062871707731,
    0.7478856222311719,
    0.7614795918367347,
    0.7473937449879712,
    0.7696629213483146,
    0.7658495350803043
  ],
  "test_recall": [
    0.7763605442176871,
    0.7950680272108843,
    0.7865646258503401,
    0.7670068027210885,
    0.7232142857142857,
    0.7512755102040817,
    0.7810374149659864,
    0.8316326530612245,
    0.7997448979591837,
    0.7644557823129252,
    0.7895408163265306,
    0.7614795918367347,
    0.7925170068027211,
    0.7572278911564626,
    0.7704081632653061
  ],
  "test_f1": [
    0.7641766059845156,
    0.7714521452145214,
    0.7692307692307693,
    0.7666808329791756,
    0.7539893617021277,
    0.7596732588134136,
    0.76717477552725,
    0.7755749405233942,
    0.7686963628933388,
    0.7641308967275818,
    0.7681489141675284,
    0.7614795918367347,
    0.7692942633099463,
    0.763394770681526,
    0.768122085629504
  ],
  "learning_rate": [
    0.001,
    0.001,
    0.001,
    0.001,
    0.001,
    0.001,
    0.001,
    0.001,
    0.001,
    0.001,
    0.001,
    0.001,
    0.001,
    0.001,
    0.001
  ],
  "early_stopped_epoch": null
}