{
  "train_acc": [
    0.7406344126506024,
    0.7521178463855421,
    0.7560240963855421,
    0.7564006024096386,
    0.7569182981927711,
    0.7577654367469879,
    0.7574359939759037,
    0.7590361445783133,
    0.7565417921686747,
    0.7573418674698795,
    0.7598362198795181,
    0.7600244728915663,
    0.7613422439759037,
    0.7622364457831325,
    0.7622835090361446
  ],
  "val_acc": [
    0.752449379490529,
    0.7509253211408665,
    0.7478772044415415,
    0.749401262791204,
    0.748748094927063,
    0.7561506640539952,
    0.7552797735684738,
    0.7531025473546702,
    0.7459177008491182,
    0.7454822556063575,
    0.7544088830829523,
    0.7550620509470934,
    0.7552797735684738,
    0.7511430437622469,
    0.7546266057043327
  ],
  "test_acc": [
    0.7525098210388477,
    0.7516368398079442,
    0.7564382365779135,
    0.7557835006547359,
    0.7525098210388477,
    0.7566564818856395,
    0.7577477084242689,
    0.7564382365779135,
    0.7477084242688782,
    0.7474901789611523,
    0.7553470100392842,
    0.7531645569620253,
    0.75556525534701,
    0.75185508511567,
    0.7531645569620253
  ],
  "test_precision": [
    0.7694690265486726,
    0.7418326693227092,
    0.7861111111111111,
    0.7550682664460074,
    0.7803867403314917,
    0.7478957915831663,
    0.7549261083743842,
    0.754320987654321,
    0.787223823246878,
    0.783041212695405,
    0.7492912110166059,
    0.7538461538461538,
    0.7510187449062755,
    0.7536534446764092,
    0.7598978288633461
  ],
  "test_recall": [
    0.7393707482993197,
    0.7916666666666666,
    0.7219387755102041,
    0.7759353741496599,
    0.7206632653061225,
    0.7933673469387755,
    0.7818877551020408,
    0.7793367346938775,
    0.6968537414965986,
    0.7028061224489796,
    0.7865646258503401,
    0.7708333333333334,
    0.7835884353741497,
    0.7674319727891157,
    0.7589285714285714
  ],
  "test_f1": [
    0.7541196877710321,
    0.7659399424105306,
    0.7526595744680851,
    0.7653596141748794,
    0.7493368700265252,
    0.7699608004951516,
    0.768170426065163,
    0.766624843161857,
    0.7392873252142534,
    0.7407573381133766,
    0.7674756274631819,
    0.7622451124658398,
    0.7669579692051602,
    0.7604803033494839,
    0.7594128908742821
  ],
  "learning_rate": [
    0.001,
    0.001,
    0.001,
    0.001,
    0.001,
    0.001,
    0.001,
    0.001,
    0.001,
    0.001,
    0.001,
    0.0005,
    0.0005,
    0.0005,
    0.0005
  ],
  "early_stopped_epoch": null
}