{
  "train_acc": [
    0.7456231174698795,
    0.7540945030120482,
    0.7553652108433735,
    0.7603068524096386,
    0.7591773343373494,
    0.7614363704819277,
    0.7623776355421686,
    0.7594597138554217,
    0.7624717620481928,
    0.7611069277108434,
    0.7625188253012049,
    0.7651543674698795,
    0.7663780120481928,
    0.7667074548192772,
    0.7683546686746988
  ],
  "val_acc": [
    0.750054430655345,
    0.7511430437622469,
    0.7544088830829523,
    0.7544088830829523,
    0.7585456128891792,
    0.7563683866753755,
    0.7576747224036577,
    0.7574569997822774,
    0.7533202699760505,
    0.7544088830829523,
    0.7559329414326148,
    0.754191160461572,
    0.7554974961898542,
    0.7554974961898542,
    0.7554974961898542
  ],
  "test_acc": [
    0.7562199912701877,
    0.75556525534701,
    0.7527280663465735,
    0.7551287647315583,
    0.7579659537319947,
    0.7553470100392842,
    0.7579659537319947,
    0.7584024443474465,
    0.7560017459624618,
    0.7570929725010912,
    0.7579659537319947,
    0.7566564818856395,
    0.7588389349628983,
    0.7601484068092536,
    0.7546922741161065
  ],
  "test_precision": [
    0.7640017101325353,
    0.7728077945084145,
    0.7610278372591006,
    0.7623720136518771,
    0.7492980344965905,
    0.7401482637534139,
    0.7511111111111111,
    0.7483047467092142,
    0.760777683854607,
    0.7593135203013813,
    0.7535699714402285,
    0.7685627442466348,
    0.7571134020618556,
    0.7572895277207392,
    0.7641996557659209
  ],
  "test_recall": [
    0.7597789115646258,
    0.7419217687074829,
    0.7555272108843537,
    0.7597789115646258,
    0.79421768707483,
    0.8065476190476191,
    0.7903911564625851,
    0.7976190476190477,
    0.7653061224489796,
    0.7712585034013606,
    0.7852891156462585,
    0.7525510204081632,
    0.7806122448979592,
    0.7840136054421769,
    0.7551020408163265
  ],
  "test_f1": [
    0.761884459603496,
    0.7570498915401301,
    0.7582675485385107,
    0.7610732538330494,
    0.7711042311661507,
    0.7719226856561546,
    0.7702506732960431,
    0.772175344721136,
    0.7630351844001696,
    0.7652394009702594,
    0.7691026441807204,
    0.7604726100966702,
    0.7686832740213523,
    0.7704198871944851,
    0.7596236099230111
  ],
  "learning_rate": [
    0.001,
    0.001,
    0.001,
    0.001,
    0.001,
    0.001,
    0.001,
    0.001,
    0.001,
    0.001,
    0.0005,
    0.0005,
    0.0005,
    0.0005,
    0.0005
  ],
  "early_stopped_epoch": null
}