{
  "encoder_length": 25,
  "seed": 1415,
  "train_accuracy": 0.8576388888888888,
  "val_accuracy": 0.848744292237443,
  "test_accuracy": 0.8471942446043166,
  "test_precision": 0.8405797101449275,
  "test_recall": 0.8602395892755277,
  "test_f1_score": 0.8502960248096983,
  "train_samples": 16196,
  "val_samples": 3504,
  "test_samples": 3475,
  "train_matches": 16196,
  "val_matches": 3504,
  "test_matches": 3475
}