{
  "encoder_length": 25,
  "seed": 1617,
  "train_accuracy": 0.8614211309523809,
  "val_accuracy": 0.846175799086758,
  "test_accuracy": 0.8466187050359713,
  "test_precision": 0.8465909090909091,
  "test_recall": 0.849971477467199,
  "test_f1_score": 0.8482778252206091,
  "train_samples": 16196,
  "val_samples": 3504,
  "test_samples": 3475,
  "train_matches": 16196,
  "val_matches": 3504,
  "test_matches": 3475
}