{
  "encoder_length": 25,
  "seed": 1213,
  "train_accuracy": 0.8608630952380952,
  "val_accuracy": 0.8481735159817352,
  "test_accuracy": 0.8446043165467626,
  "test_precision": 0.8287262872628727,
  "test_recall": 0.872219053051911,
  "test_f1_score": 0.8499166203446359,
  "train_samples": 16196,
  "val_samples": 3504,
  "test_samples": 3475,
  "train_matches": 16196,
  "val_matches": 3504,
  "test_matches": 3475
}