{
  "train_acc": [
    0.8317832341269841,
    0.8451140873015873,
    0.8454241071428571,
    0.8455481150793651,
    0.8474082341269841,
    0.8470982142857143,
    0.8473462301587301,
    0.8485243055555556,
    0.8499503968253969,
    0.8500124007936508,
    0.8510664682539683,
    0.8519345238095238,
    0.853546626984127,
    0.8529885912698413,
    0.855530753968254
  ],
  "val_acc": [
    0.8524543378995434,
    0.85074200913242,
    0.8501712328767124,
    0.8467465753424658,
    0.8493150684931506,
    0.8521689497716894,
    0.8498858447488584,
    0.853595890410959,
    0.8518835616438356,
    0.8504566210045662,
    0.8530251141552512,
    0.8496004566210046,
    0.8501712328767124,
    0.8496004566210046,
    0.8464611872146118
  ],
  "test_acc": [
    0.8446043165467626,
    0.8474820143884892,
    0.8451798561151079,
    0.8460431654676259,
    0.8509352517985611,
    0.8497841726618705,
    0.8506474820143884,
    0.8480575539568346,
    0.8486330935251799,
    0.8517985611510791,
    0.8457553956834533,
    0.8494964028776978,
    0.8492086330935252,
    0.8480575539568346,
    0.8451798561151079
  ],
  "test_precision": [
    0.8660229330114665,
    0.8488305761551626,
    0.8477389811104751,
    0.8544819557625145,
    0.8471051152332771,
    0.8622719246615657,
    0.8450782997762863,
    0.8514056224899599,
    0.8383894098179813,
    0.8438888888888889,
    0.844368986983588,
    0.83207343412527,
    0.8438724118634583,
    0.837465564738292,
    0.8292682926829268
  ],
  "test_recall": [
    0.8185966913861951,
    0.8488305761551626,
    0.8448374215630348,
    0.8374215630347975,
    0.8596691386195094,
    0.8357102110667427,
    0.8619509412435824,
    0.8465487735310896,
    0.8670849971477467,
    0.8665145464917284,
    0.8511123787792356,
    0.87906446092413,
    0.8602395892755277,
    0.8670849971477467,
    0.8727895037079293
  ],
  "test_f1": [
    0.841642228739003,
    0.8488305761551626,
    0.8462857142857143,
    0.8458657447421493,
    0.8533408833522084,
    0.8487833140208575,
    0.8534312341146568,
    0.8489702517162472,
    0.8524957936062816,
    0.8550520686743597,
    0.8477272727272728,
    0.8549237170596394,
    0.8519774011299435,
    0.852017937219731,
    0.8504724847137298
  ],
  "learning_rate": [
    0.001,
    0.001,
    0.001,
    0.001,
    0.001,
    0.001,
    0.0005,
    0.0005,
    0.0005,
    0.0005,
    0.0005,
    0.0005,
    0.0005,
    0.00025,
    0.00025
  ],
  "early_stopped_epoch": null
}