{
  "train_acc": [
    0.8274429563492064,
    0.8435639880952381,
    0.8456101190476191,
    0.84765625,
    0.8452380952380952,
    0.8484002976190477,
    0.8491443452380952,
    0.8487103174603174,
    0.8491443452380952,
    0.8488343253968254,
    0.8505084325396826,
    0.8516865079365079,
    0.8531125992063492,
    0.8563368055555556,
    0.8547867063492064
  ],
  "val_acc": [
    0.8498858447488584,
    0.8504566210045662,
    0.8501712328767124,
    0.8496004566210046,
    0.8524543378995434,
    0.8481735159817352,
    0.8478881278538812,
    0.8513127853881278,
    0.8501712328767124,
    0.8504566210045662,
    0.8513127853881278,
    0.8524543378995434,
    0.8513127853881278,
    0.8473173515981736,
    0.8493150684931506
  ],
  "test_acc": [
    0.8480575539568346,
    0.8480575539568346,
    0.8440287769784173,
    0.8466187050359713,
    0.8520863309352518,
    0.8497841726618705,
    0.840863309352518,
    0.8448920863309353,
    0.8411510791366906,
    0.8480575539568346,
    0.8480575539568346,
    0.8497841726618705,
    0.8434532374100719,
    0.8420143884892086,
    0.8437410071942446
  ],
  "test_precision": [
    0.8439079169006176,
    0.8389596015495296,
    0.8502024291497976,
    0.8609467455621301,
    0.846670397313934,
    0.8440469536053661,
    0.8348214285714286,
    0.8368479467258602,
    0.8367919237240605,
    0.8514056224899599,
    0.841606246514222,
    0.853126792885829,
    0.8424929178470255,
    0.8296823658269441,
    0.8338852097130243
  ],
  "test_recall": [
    0.8573873359954364,
    0.8648031945236737,
    0.838562464346834,
    0.8300057045065602,
    0.863091842555619,
    0.8613804905875642,
    0.8533941814033086,
    0.8602395892755277,
    0.8511123787792356,
    0.8465487735310896,
    0.8608100399315459,
    0.8482601254991443,
    0.8482601254991443,
    0.8642327438676555,
    0.8619509412435824
  ],
  "test_f1": [
    0.8505942275042445,
    0.851685393258427,
    0.8443423319931074,
    0.8451931455126344,
    0.8548022598870056,
    0.8526256352343309,
    0.8440056417489422,
    0.8483825597749648,
    0.8438914027149321,
    0.8489702517162472,
    0.8510998307952623,
    0.8506864988558352,
    0.8453666856168277,
    0.8466051969823973,
    0.8476858345021038
  ],
  "learning_rate": [
    0.001,
    0.001,
    0.001,
    0.001,
    0.001,
    0.001,
    0.001,
    0.001,
    0.001,
    0.001,
    0.0005,
    0.0005,
    0.0005,
    0.0005,
    0.0005
  ],
  "early_stopped_epoch": null
}