{
  "train_acc": [
    0.8324652777777778,
    0.8456101190476191,
    0.8466641865079365,
    0.8466021825396826,
    0.8478422619047619,
    0.8482142857142857,
    0.8498263888888888,
    0.8501984126984127,
    0.8521205357142857,
    0.8518105158730159,
    0.8519965277777778,
    0.8532986111111112,
    0.853546626984127,
    0.8563988095238095,
    0.8570808531746031
  ],
  "val_acc": [
    0.8493150684931506,
    0.8527397260273972,
    0.848744292237443,
    0.8493150684931506,
    0.8498858447488584,
    0.8490296803652968,
    0.8493150684931506,
    0.85074200913242,
    0.8496004566210046,
    0.8501712328767124,
    0.8553082191780822,
    0.8464611872146118,
    0.85074200913242,
    0.8493150684931506,
    0.846175799086758
  ],
  "test_acc": [
    0.8448920863309353,
    0.8411510791366906,
    0.8477697841726619,
    0.8494964028776978,
    0.8448920863309353,
    0.8460431654676259,
    0.8443165467625899,
    0.8454676258992806,
    0.8477697841726619,
    0.8477697841726619,
    0.8489208633093526,
    0.8463309352517986,
    0.8454676258992806,
    0.8471942446043166,
    0.8466187050359713
  ],
  "test_precision": [
    0.8626045400238949,
    0.8686310620012277,
    0.8473325766174802,
    0.8455056179775281,
    0.8492520138089759,
    0.8360927152317881,
    0.8655006031363088,
    0.8304347826086956,
    0.8344262295081967,
    0.854577056778679,
    0.8492605233219568,
    0.8422234699606962,
    0.8381535038932146,
    0.8313449023861171,
    0.8465909090909091
  ],
  "test_recall": [
    0.8237307472903593,
    0.80718767826583,
    0.8516828294352539,
    0.8585282373074729,
    0.8419851682829436,
    0.8642327438676555,
    0.8185966913861951,
    0.8716486023958927,
    0.8710781517398745,
    0.8414147176269253,
    0.8516828294352539,
    0.8556759840273817,
    0.8596691386195094,
    0.874500855675984,
    0.849971477467199
  ],
  "test_f1": [
    0.8427195798074117,
    0.836782968657599,
    0.84950213371266,
    0.8519671667138409,
    0.8456029790890862,
    0.8499298737727911,
    0.8413954851949574,
    0.8505427219593654,
    0.8523583589171085,
    0.8479448117275079,
    0.8504699515807462,
    0.8488964346349746,
    0.8487749929597297,
    0.8523769808173478,
    0.8482778252206091
  ],
  "learning_rate": [
    0.001,
    0.001,
    0.001,
    0.001,
    0.001,
    0.001,
    0.001,
    0.0005,
    0.0005,
    0.0005,
    0.0005,
    0.0005,
    0.0005,
    0.0005,
    0.0005
  ],
  "early_stopped_epoch": null
}