{
  "train_acc": [
    0.8258928571428571,
    0.8461681547619048,
    0.8451760912698413,
    0.8463541666666666,
    0.847594246031746,
    0.8486483134920635,
    0.8489583333333334,
    0.8490823412698413,
    0.8502604166666666,
    0.8497023809523809,
    0.8495163690476191,
    0.8516865079365079,
    0.8509424603174603,
    0.8541666666666666,
    0.8531746031746031
  ],
  "val_acc": [
    0.848744292237443,
    0.8476027397260274,
    0.848744292237443,
    0.8513127853881278,
    0.853310502283105,
    0.8498858447488584,
    0.8530251141552512,
    0.8481735159817352,
    0.8524543378995434,
    0.8544520547945206,
    0.8504566210045662,
    0.848458904109589,
    0.8470319634703196,
    0.8544520547945206,
    0.851027397260274
  ],
  "test_acc": [
    0.8460431654676259,
    0.8463309352517986,
    0.8469064748201439,
    0.8494964028776978,
    0.8492086330935252,
    0.8494964028776978,
    0.8437410071942446,
    0.8474820143884892,
    0.8509352517985611,
    0.8460431654676259,
    0.8437410071942446,
    0.8443165467625899,
    0.8397122302158273,
    0.8411510791366906,
    0.8394244604316546
  ],
  "test_precision": [
    0.8368362831858407,
    0.8350742166025289,
    0.8359933957072097,
    0.8579743888242142,
    0.8442577030812325,
    0.8626179245283019,
    0.8414221218961625,
    0.8480364257256687,
    0.8510517339397385,
    0.8448471121177803,
    0.8469036697247706,
    0.8470790378006873,
    0.8300220750551877,
    0.8437321121923297,
    0.8545994065281899
  ],
  "test_recall": [
    0.863091842555619,
    0.8665145464917284,
    0.8665145464917284,
    0.840844266970907,
    0.8596691386195094,
    0.8345693097547062,
    0.8505419281232174,
    0.849971477467199,
    0.8539646320593268,
    0.8511123787792356,
    0.8425556189389618,
    0.8436965202509983,
    0.8579577866514546,
    0.840844266970907,
    0.8214489446662864
  ],
  "test_f1": [
    0.8497613030047739,
    0.8505039193729004,
    0.8509803921568627,
    0.8493229616825122,
    0.8518937252685133,
    0.8483618440127573,
    0.8459574468085106,
    0.8490028490028491,
    0.85250569476082,
    0.8479681727763569,
    0.8447240491850158,
    0.8453843955415833,
    0.8437587657784011,
    0.8422857142857143,
    0.837696335078534
  ],
  "learning_rate": [
    0.001,
    0.001,
    0.001,
    0.001,
    0.001,
    0.001,
    0.001,
    0.001,
    0.001,
    0.001,
    0.001,
    0.001,
    0.001,
    0.001,
    0.001
  ],
  "early_stopped_epoch": null
}