{
  "train_acc": [
    0.8315972222222222,
    0.8449280753968254,
    0.8455481150793651,
    0.8457961309523809,
    0.8467881944444444,
    0.8472842261904762,
    0.8484002976190477,
    0.8485863095238095,
    0.851500496031746,
    0.849640376984127,
    0.8519965277777778,
    0.8539186507936508,
    0.8529885912698413,
    0.855406746031746,
    0.8560267857142857
  ],
  "val_acc": [
    0.851027397260274,
    0.85074200913242,
    0.848458904109589,
    0.8496004566210046,
    0.8501712328767124,
    0.851027397260274,
    0.8498858447488584,
    0.8490296803652968,
    0.85074200913242,
    0.8527397260273972,
    0.855593607305936,
    0.8501712328767124,
    0.8513127853881278,
    0.8544520547945206,
    0.8513127853881278
  ],
  "test_acc": [
    0.8471942446043166,
    0.8483453237410072,
    0.8497841726618705,
    0.8477697841726619,
    0.8443165467625899,
    0.8469064748201439,
    0.8457553956834533,
    0.8460431654676259,
    0.8451798561151079,
    0.8446043165467626,
    0.8431654676258993,
    0.8460431654676259,
    0.8437410071942446,
    0.8428776978417266,
    0.8443165467625899
  ],
  "test_precision": [
    0.8519585253456221,
    0.8428411633109619,
    0.8523182598740698,
    0.8612750885478159,
    0.8594306049822064,
    0.8572264482153306,
    0.8535735037768739,
    0.8512110726643599,
    0.8481375358166189,
    0.852411388727484,
    0.8540445486518171,
    0.8372093023255814,
    0.8235294117647058,
    0.8454493417286777,
    0.8556338028169014
  ],
  "test_recall": [
    0.8436965202509983,
    0.8596691386195094,
    0.8494010268111808,
    0.8322875071306332,
    0.8265830005704506,
    0.8357102110667427,
    0.8379920136908158,
    0.8419851682829436,
    0.8442669709070165,
    0.8368511123787792,
    0.8311466058185967,
    0.8625213918996006,
    0.8784940102681118,
    0.8425556189389618,
    0.8317170564746149
  ],
  "test_f1": [
    0.8478073946689596,
    0.8511719853148828,
    0.8508571428571429,
    0.8465332172903974,
    0.842686827566153,
    0.8463316002310803,
    0.8457109959700633,
    0.8465729853742472,
    0.8461978273299028,
    0.844559585492228,
    0.8424400115640358,
    0.8496768755268334,
    0.8501242064587359,
    0.844,
    0.8435059299971073
  ],
  "learning_rate": [
    0.001,
    0.001,
    0.001,
    0.001,
    0.001,
    0.001,
    0.0005,
    0.0005,
    0.0005,
    0.0005,
    0.0005,
    0.0005,
    0.0005,
    0.0005,
    0.0005
  ],
  "early_stopped_epoch": null
}