{
  "train_acc": [
    0.8329613095238095,
    0.8451140873015873,
    0.8454241071428571,
    0.8487103174603174,
    0.8472222222222222,
    0.8478422619047619,
    0.8495163690476191,
    0.8492683531746031,
    0.8499503968253969,
    0.8504464285714286,
    0.8506324404761905,
    0.8523685515873016,
    0.8538566468253969,
    0.8526165674603174,
    0.8546006944444444
  ],
  "val_acc": [
    0.848458904109589,
    0.848744292237443,
    0.8473173515981736,
    0.8524543378995434,
    0.8513127853881278,
    0.8501712328767124,
    0.848744292237443,
    0.8515981735159818,
    0.8550228310502284,
    0.851027397260274,
    0.8493150684931506,
    0.851027397260274,
    0.8544520547945206,
    0.8504566210045662,
    0.8481735159817352
  ],
  "test_acc": [
    0.8469064748201439,
    0.8437410071942446,
    0.8474820143884892,
    0.8483453237410072,
    0.8471942446043166,
    0.8454676258992806,
    0.8460431654676259,
    0.8457553956834533,
    0.8489208633093526,
    0.8437410071942446,
    0.8463309352517986,
    0.8471942446043166,
    0.8457553956834533,
    0.8474820143884892,
    0.8446043165467626
  ],
  "test_precision": [
    0.831973898858075,
    0.8571428571428571,
    0.8594944150499706,
    0.8547453703703703,
    0.8503440366972477,
    0.8400447427293065,
    0.8540697674418605,
    0.8389972144846797,
    0.847678369195923,
    0.8538011695906432,
    0.8525159051474841,
    0.8398220244716351,
    0.8397543271915131,
    0.8429613011777902,
    0.8287262872628727
  ],
  "test_recall": [
    0.8727895037079293,
    0.8282943525385055,
    0.833998859098688,
    0.8425556189389618,
    0.8459783228750714,
    0.8568168853394181,
    0.8379920136908158,
    0.8590986879634912,
    0.8539646320593268,
    0.8328579577866515,
    0.840844266970907,
    0.8613804905875642,
    0.8579577866514546,
    0.8573873359954364,
    0.872219053051911
  ],
  "test_f1": [
    0.8518930957683741,
    0.8424717145343777,
    0.8465547191661842,
    0.8486067222062625,
    0.8481555619102088,
    0.8483479243151653,
    0.8459545061906133,
    0.8489289740698985,
    0.8508098891730606,
    0.8431995379728559,
    0.8466398621481906,
    0.8504646578428612,
    0.8487584650112867,
    0.8501131221719457,
    0.8499166203446359
  ],
  "learning_rate": [
    0.001,
    0.001,
    0.001,
    0.001,
    0.001,
    0.001,
    0.001,
    0.001,
    0.001,
    0.001,
    0.001,
    0.001,
    0.001,
    0.001,
    0.0005
  ],
  "early_stopped_epoch": null
}