{
  "train_acc": [
    0.8260788690476191,
    0.8424479166666666,
    0.8459821428571429,
    0.8462301587301587,
    0.8464161706349206,
    0.8474702380952381,
    0.8475322420634921,
    0.8482142857142857,
    0.8466641865079365,
    0.8502604166666666,
    0.8532986111111112,
    0.8538566468253969,
    0.8540426587301587,
    0.8553447420634921,
    0.8550347222222222
  ],
  "val_acc": [
    0.8467465753424658,
    0.8447488584474886,
    0.853595890410959,
    0.8476027397260274,
    0.8496004566210046,
    0.8481735159817352,
    0.848458904109589,
    0.8464611872146118,
    0.8501712328767124,
    0.8501712328767124,
    0.853595890410959,
    0.8504566210045662,
    0.8493150684931506,
    0.8478881278538812,
    0.848458904109589
  ],
  "test_acc": [
    0.8469064748201439,
    0.8492086330935252,
    0.8443165467625899,
    0.8500719424460431,
    0.8474820143884892,
    0.8471942446043166,
    0.8469064748201439,
    0.8471942446043166,
    0.8480575539568346,
    0.8454676258992806,
    0.8483453237410072,
    0.8486330935251799,
    0.8443165467625899,
    0.8437410071942446,
    0.8440287769784173
  ],
  "test_precision": [
    0.8572264482153306,
    0.8458075407990996,
    0.8602853745541023,
    0.8496027241770715,
    0.8445070422535211,
    0.8641239570917759,
    0.8408710217755444,
    0.8394444444444444,
    0.8494010268111808,
    0.8355408388520972,
    0.8459367945823928,
    0.8433128147733632,
    0.8502890173410405,
    0.8320526893523601,
    0.8489913544668588
  ],
  "test_recall": [
    0.8357102110667427,
    0.8573873359954364,
    0.8254420992584142,
    0.8539646320593268,
    0.8551055333713634,
    0.8271534512264689,
    0.8590986879634912,
    0.8619509412435824,
    0.8494010268111808,
    0.8636622932116372,
    0.8551055333713634,
    0.8596691386195094,
    0.8391329150028523,
    0.8648031945236737,
    0.8402738163148887
  ],
  "test_f1": [
    0.8463316002310803,
    0.851558073654391,
    0.8425036390101892,
    0.851778093883357,
    0.8497732426303855,
    0.8452346254736228,
    0.8498871331828443,
    0.8505488319729806,
    0.8494010268111808,
    0.8493688639551192,
    0.8504964539007093,
    0.8514124293785311,
    0.8446741314958369,
    0.8481118881118881,
    0.8446100917431193
  ],
  "learning_rate": [
    0.001,
    0.001,
    0.001,
    0.001,
    0.001,
    0.001,
    0.001,
    0.001,
    0.0005,
    0.0005,
    0.0005,
    0.0005,
    0.0005,
    0.0005,
    0.00025
  ],
  "early_stopped_epoch": null
}