{
  "train_acc": [
    0.831969246031746,
    0.8439980158730159,
    0.8459821428571429,
    0.8453000992063492,
    0.8474082341269841,
    0.8480282738095238,
    0.8481522817460317,
    0.8495163690476191,
    0.8500744047619048,
    0.8527405753968254,
    0.8547867063492064,
    0.8547247023809523,
    0.8556547619047619,
    0.8579489087301587,
    0.8580109126984127
  ],
  "val_acc": [
    0.8530251141552512,
    0.8524543378995434,
    0.8547374429223744,
    0.85074200913242,
    0.8521689497716894,
    0.8547374429223744,
    0.8504566210045662,
    0.8504566210045662,
    0.8521689497716894,
    0.853595890410959,
    0.8553082191780822,
    0.8513127853881278,
    0.8521689497716894,
    0.8478881278538812,
    0.8504566210045662
  ],
  "test_acc": [
    0.8477697841726619,
    0.8483453237410072,
    0.8500719424460431,
    0.8437410071942446,
    0.8503597122302158,
    0.8480575539568346,
    0.8460431654676259,
    0.8434532374100719,
    0.8483453237410072,
    0.8451798561151079,
    0.842589928057554,
    0.8420143884892086,
    0.8460431654676259,
    0.8469064748201439,
    0.8460431654676259
  ],
  "test_precision": [
    0.8457627118644068,
    0.8535178777393311,
    0.8433667781493869,
    0.8644578313253012,
    0.8446059250978201,
    0.837465564738292,
    0.8242811501597445,
    0.8460217515741271,
    0.8416945373467113,
    0.8453666856168277,
    0.8406779661016949,
    0.843607305936073,
    0.83984375,
    0.8424004486819966,
    0.8468109339407744
  ],
  "test_recall": [
    0.8539646320593268,
    0.8442669709070165,
    0.863091842555619,
    0.8185966913861951,
    0.8619509412435824,
    0.8670849971477467,
    0.8830576155162578,
    0.84312606959498,
    0.8613804905875642,
    0.8482601254991443,
    0.8488305761551626,
    0.84312606959498,
    0.8585282373074729,
    0.8568168853394181,
    0.8482601254991443
  ],
  "test_f1": [
    0.8498438830542152,
    0.8488672211069688,
    0.8531153087115873,
    0.8409024318781131,
    0.8531902879728966,
    0.852017937219731,
    0.8526576700633435,
    0.8445714285714285,
    0.8514237383704539,
    0.8468109339407744,
    0.8447346011921658,
    0.8433666191155492,
    0.849083215796897,
    0.8495475113122172,
    0.847534910230835
  ],
  "learning_rate": [
    0.001,
    0.001,
    0.001,
    0.001,
    0.001,
    0.001,
    0.001,
    0.001,
    0.0005,
    0.0005,
    0.0005,
    0.0005,
    0.0005,
    0.0005,
    0.0005
  ],
  "early_stopped_epoch": null
}