{
  "train_acc": [
    0.8286210317460317,
    0.8462921626984127,
    0.8460441468253969,
    0.8479042658730159,
    0.847594246031746,
    0.8489583333333334,
    0.8485863095238095,
    0.8481522817460317,
    0.8510044642857143,
    0.8508184523809523,
    0.8510044642857143,
    0.8527405753968254,
    0.8524925595238095,
    0.8541046626984127,
    0.8536086309523809
  ],
  "val_acc": [
    0.8524543378995434,
    0.8473173515981736,
    0.8498858447488584,
    0.8518835616438356,
    0.8464611872146118,
    0.8527397260273972,
    0.848458904109589,
    0.8524543378995434,
    0.8538812785388128,
    0.8476027397260274,
    0.8513127853881278,
    0.8515981735159818,
    0.848458904109589,
    0.8450342465753424,
    0.848744292237443
  ],
  "test_acc": [
    0.8457553956834533,
    0.8440287769784173,
    0.8477697841726619,
    0.8448920863309353,
    0.8451798561151079,
    0.8506474820143884,
    0.8423021582733813,
    0.8480575539568346,
    0.8480575539568346,
    0.8489208633093526,
    0.8451798561151079,
    0.8463309352517986,
    0.8477697841726619,
    0.8402877697841726,
    0.8471942446043166
  ],
  "test_precision": [
    0.845542305508234,
    0.8584961515689757,
    0.8430493273542601,
    0.8701219512195122,
    0.8347107438016529,
    0.8493771234428086,
    0.8658166363084396,
    0.8474191718661372,
    0.8474191718661372,
    0.8457207207207207,
    0.8434143583945732,
    0.8369264787175235,
    0.8537572254335261,
    0.8490675990675991,
    0.8405797101449275
  ],
  "test_recall": [
    0.8494010268111808,
    0.8271534512264689,
    0.8579577866514546,
    0.814033086138049,
    0.8642327438676555,
    0.8556759840273817,
    0.8134626354820308,
    0.8522532800912721,
    0.8522532800912721,
    0.8568168853394181,
    0.8511123787792356,
    0.8636622932116372,
    0.8425556189389618,
    0.8311466058185967,
    0.8602395892755277
  ],
  "test_f1": [
    0.8474672737620945,
    0.84253341080767,
    0.8504382244840261,
    0.8411435307987032,
    0.8492152466367713,
    0.8525149190110827,
    0.8388235294117647,
    0.8498293515358362,
    0.8498293515358362,
    0.8512326438084443,
    0.8472458830210108,
    0.8500842223469961,
    0.8481194372667241,
    0.8400115307004901,
    0.8502960248096983
  ],
  "learning_rate": [
    0.001,
    0.001,
    0.001,
    0.001,
    0.001,
    0.001,
    0.001,
    0.001,
    0.001,
    0.001,
    0.001,
    0.001,
    0.001,
    0.001,
    0.0005
  ],
  "early_stopped_epoch": null
}