{
  "train_acc": [
    0.8327752976190477,
    0.8451760912698413,
    0.8443700396825397,
    0.8453000992063492,
    0.8472842261904762,
    0.849578373015873,
    0.8500124007936508,
    0.8497643849206349,
    0.8495163690476191,
    0.8504464285714286,
    0.8495163690476191,
    0.8511284722222222,
    0.8526785714285714,
    0.8529265873015873,
    0.8523685515873016
  ],
  "val_acc": [
    0.8538812785388128,
    0.8515981735159818,
    0.8527397260273972,
    0.8490296803652968,
    0.8515981735159818,
    0.855593607305936,
    0.8504566210045662,
    0.8550228310502284,
    0.8513127853881278,
    0.8564497716894978,
    0.853310502283105,
    0.8473173515981736,
    0.8587328767123288,
    0.8513127853881278,
    0.8518835616438356
  ],
  "test_acc": [
    0.8477697841726619,
    0.8451798561151079,
    0.8503597122302158,
    0.8457553956834533,
    0.8480575539568346,
    0.8494964028776978,
    0.8471942446043166,
    0.8454676258992806,
    0.8431654676258993,
    0.8474820143884892,
    0.8494964028776978,
    0.8448920863309353,
    0.8428776978417266,
    0.8466187050359713,
    0.8431654676258993
  ],
  "test_precision": [
    0.8373759647188533,
    0.8481375358166189,
    0.8541068351522114,
    0.8294531672983216,
    0.8502001143510578,
    0.8575581395348837,
    0.8386917960088692,
    0.8411896745230079,
    0.8455377574370709,
    0.8476407049459921,
    0.8554913294797688,
    0.8218451749734889,
    0.8350916157690172,
    0.8477765108323831,
    0.8455377574370709
  ],
  "test_recall": [
    0.8665145464917284,
    0.8442669709070165,
    0.8482601254991443,
    0.8739304050199658,
    0.8482601254991443,
    0.8414147176269253,
    0.863091842555619,
    0.8551055333713634,
    0.84312606959498,
    0.8505419281232174,
    0.8442669709070165,
    0.8841985168282943,
    0.8579577866514546,
    0.8482601254991443,
    0.84312606959498
  ],
  "test_f1": [
    0.8516961031679282,
    0.8461978273299028,
    0.8511734401831712,
    0.8511111111111112,
    0.8492290119931468,
    0.8494097322199827,
    0.850716896260894,
    0.8480905233380481,
    0.8443301913738932,
    0.8490888382687927,
    0.8498420901521677,
    0.8518823852706787,
    0.8463702870005627,
    0.848018249215854,
    0.8443301913738932
  ],
  "learning_rate": [
    0.001,
    0.001,
    0.001,
    0.001,
    0.001,
    0.001,
    0.001,
    0.001,
    0.001,
    0.001,
    0.001,
    0.001,
    0.001,
    0.001,
    0.001
  ],
  "early_stopped_epoch": null
}