{
  "encoder_length": 15,
  "train_accuracy": 0.7686370481927711,
  "val_accuracy": 0.757892445025038,
  "test_accuracy": 0.7520733304233959,
  "test_precision": 0.7582837723024639,
  "test_recall": 0.7589285714285714,
  "test_f1_score": 0.7586060348491288,
  "train_samples": 21356,
  "val_samples": 4593,
  "test_samples": 4582,
  "train_matches": 21356,
  "val_matches": 4593,
  "test_matches": 4582
}