{
  "train_acc": [
    0.7434582078313253,
    0.7554122740963856,
    0.7533414909638554,
    0.7551298945783133,
    0.7594597138554217,
    0.7581419427710844,
    0.7595538403614458,
    0.7600244728915663,
    0.7574830572289156,
    0.7595538403614458,
    0.7615304969879518,
    0.7621423192771084,
    0.7628953313253012,
    0.7606362951807228,
    0.7638836596385542
  ],
  "val_acc": [
    0.7472240365774004,
    0.7528848247332898,
    0.7509253211408665,
    0.7507075985194862,
    0.7533202699760505,
    0.7496189854125843,
    0.7511430437622469,
    0.7461354234704985,
    0.7483126496843022,
    0.754191160461572,
    0.7559329414326148,
    0.7535379925974309,
    0.756586109296756,
    0.75898105813194,
    0.757892445025038
  ],
  "test_acc": [
    0.7529463116542995,
    0.7553470100392842,
    0.7542557835006547,
    0.7579659537319947,
    0.7533828022697512,
    0.7577477084242689,
    0.7584024443474465,
    0.7568747271933653,
    0.7527280663465735,
    0.7560017459624618,
    0.7584024443474465,
    0.7560017459624618,
    0.7584024443474465,
    0.75556525534701,
    0.7520733304233959
  ],
  "test_precision": [
    0.763840830449827,
    0.7371868978805395,
    0.757563025210084,
    0.7625686523024926,
    0.7302185380557649,
    0.7611438183347351,
    0.754185381788485,
    0.7512175324675324,
    0.7325448302174743,
    0.7749554367201426,
    0.7483047467092142,
    0.7460127591706539,
    0.7459502173054129,
    0.7614601018675722,
    0.7582837723024639
  ],
  "test_recall": [
    0.7508503401360545,
    0.8133503401360545,
    0.7665816326530612,
    0.7674319727891157,
    0.8239795918367347,
    0.7695578231292517,
    0.7852891156462585,
    0.7869897959183674,
    0.8163265306122449,
    0.7393707482993197,
    0.7976190476190477,
    0.7954931972789115,
    0.8027210884353742,
    0.7627551020408163,
    0.7589285714285714
  ],
  "test_f1": [
    0.7572898799313894,
    0.773398019001415,
    0.7620456466610313,
    0.7649925831744013,
    0.77427087495006,
    0.7653276955602537,
    0.7694230368673193,
    0.768687707641196,
    0.7721697164689323,
    0.7567449956483899,
    0.772175344721136,
    0.7699588477366255,
    0.77329510546795,
    0.762107051826678,
    0.7586060348491288
  ],
  "learning_rate": [
    0.001,
    0.001,
    0.001,
    0.001,
    0.001,
    0.001,
    0.001,
    0.001,
    0.001,
    0.001,
    0.001,
    0.001,
    0.001,
    0.001,
    0.001
  ],
  "early_stopped_epoch": null
}