{
  "encoder_length": 10,
  "train_accuracy": 0.7053237275449101,
  "val_accuracy": 0.6934116112198304,
  "test_accuracy": 0.6879355400696864,
  "test_precision": 0.6921161825726141,
  "test_recall": 0.7070792708774905,
  "test_f1_score": 0.699517718599287,
  "train_samples": 21405,
  "val_samples": 4599,
  "test_samples": 4592,
  "train_matches": 21405,
  "val_matches": 4599,
  "test_matches": 4592
}