{
  "train_acc": [
    0.6768806137724551,
    0.6918038922155688,
    0.6916635479041916,
    0.6905875748502994,
    0.6957335329341318,
    0.6944236526946108,
    0.6960142215568862,
    0.6928330838323353,
    0.6953125,
    0.6986339820359282,
    0.6988211077844312,
    0.6997099550898204,
    0.6990082335329342,
    0.7004116766467066,
    0.7012069610778443
  ],
  "val_acc": [
    0.6879756468797564,
    0.6921069797782127,
    0.6925418569254186,
    0.6905849097629919,
    0.6875407697325505,
    0.6908023483365949,
    0.685366383996521,
    0.6873233311589476,
    0.6916721026310068,
    0.6908023483365949,
    0.6890628397477713,
    0.6944988040878451,
    0.6892802783213742,
    0.6923244183518156,
    0.6934116112198304
  ],
  "test_acc": [
    0.6898954703832753,
    0.6877177700348432,
    0.6890243902439024,
    0.6888066202090593,
    0.6861933797909407,
    0.6855400696864111,
    0.6851045296167247,
    0.6857578397212544,
    0.6875,
    0.6846689895470384,
    0.6870644599303136,
    0.6846689895470384,
    0.6785714285714286,
    0.685322299651568,
    0.6879355400696864
  ],
  "test_precision": [
    0.6905829596412556,
    0.6997840172786177,
    0.6810579541034617,
    0.6837944664031621,
    0.7069431920649234,
    0.6757587399154822,
    0.699257965953732,
    0.6762894534257121,
    0.6902800658978583,
    0.6795427670476941,
    0.6938603868797308,
    0.6815464328417696,
    0.6674251042851725,
    0.6904166666666667,
    0.6921161825726141
  ],
  "test_recall": [
    0.7181008902077152,
    0.6867316659601526,
    0.7422636710470538,
    0.7333615938957185,
    0.6646884272997032,
    0.7456549385332768,
    0.6791013141161509,
    0.744807121661721,
    0.7104705383637134,
    0.7308181432810513,
    0.6994489190334887,
    0.7248834251801611,
    0.7460788469690547,
    0.7024162780839339,
    0.7070792708774905
  ],
  "test_f1": [
    0.7040731504571903,
    0.693196405648267,
    0.7103448275862069,
    0.7077111883820822,
    0.6851649552108368,
    0.7089883111648528,
    0.6890322580645162,
    0.7088965099858786,
    0.7002297890119072,
    0.704248366013072,
    0.6966434452184928,
    0.7025472473294988,
    0.7045636509207366,
    0.6963647825173356,
    0.699517718599287
  ],
  "learning_rate": [
    0.001,
    0.001,
    0.001,
    0.001,
    0.001,
    0.001,
    0.001,
    0.001,
    0.0005,
    0.0005,
    0.0005,
    0.0005,
    0.0005,
    0.0005,
    0.0005
  ],
  "early_stopped_epoch": null
}