{
  "10min": {
    "encoder_length": 10,
    "train_accuracy": 0.7053237275449101,
    "val_accuracy": 0.6934116112198304,
    "test_accuracy": 0.6879355400696864,
    "test_precision": 0.6921161825726141,
    "test_recall": 0.7070792708774905,
    "test_f1_score": 0.699517718599287,
    "train_samples": 21405,
    "val_samples": 4599,
    "test_samples": 4592,
    "train_matches": 21405,
    "val_matches": 4599,
    "test_matches": 4592
  },
  "15min": {
    "encoder_length": 15,
    "train_accuracy": 0.7686370481927711,
    "val_accuracy": 0.757892445025038,
    "test_accuracy": 0.7520733304233959,
    "test_precision": 0.7582837723024639,
    "test_recall": 0.7589285714285714,
    "test_f1_score": 0.7586060348491288,
    "train_samples": 21356,
    "val_samples": 4593,
    "test_samples": 4582,
    "train_matches": 21356,
    "val_matches": 4593,
    "test_matches": 4582
  },
  "20min": {
    "encoder_length": 20,
    "train_accuracy": 0.8122930463576159,
    "val_accuracy": 0.7971810797897755,
    "test_accuracy": 0.7937649880095923,
    "test_precision": 0.7899860917941586,
    "test_recall": 0.8072003789673141,
    "test_f1_score": 0.7985004686035614,
    "train_samples": 19342,
    "val_samples": 4186,
    "test_samples": 4170,
    "train_matches": 19342,
    "val_matches": 4186,
    "test_matches": 4170
  },
  "25min": {
    "encoder_length": 25,
    "train_accuracy": 0.8609871031746031,
    "val_accuracy": 0.8458904109589042,
    "test_accuracy": 0.8463309352517986,
    "test_precision": 0.8461101646791596,
    "test_recall": 0.849971477467199,
    "test_f1_score": 0.8480364257256687,
    "train_samples": 16196,
    "val_samples": 3504,
    "test_samples": 3475,
    "train_matches": 16196,
    "val_matches": 3504,
    "test_matches": 3475
  },
  "30min": {
    "encoder_length": 30,
    "train_accuracy": 0.8803510273972602,
    "val_accuracy": 0.8385982230997039,
    "test_accuracy": 0.8553861288735858,
    "test_precision": 0.8647581441263573,
    "test_recall": 0.8480154888673765,
    "test_f1_score": 0.8563049853372434,
    "train_samples": 9431,
    "val_samples": 2026,
    "test_samples": 2033,
    "train_matches": 9431,
    "val_matches": 2026,
    "test_matches": 2033
  }
}